faculty_id,keyword_id,score
0,174,44.8985
0,337,32.522
0,559,27.3669
0,1150,32.751
0,1635,24.2853
0,1858,29.0366
0,3676,101.876
0,3799,58.5785
0,4352,49.4999
0,7200,20.4316
0,8028,25.2255
0,9814,22.6997
0,16183,46.1369
0,25954,23.6043
0,41987,32.8014
0,48704,29.9577
0,49601,86.1408
1,278,2.93473
1,753,1.81884
1,4312,3.18445
1,5296,3.79435
1,5602,2.24515
1,10362,1.55956
1,12354,9.58108
1,14199,2.51624
1,19201,2.04897
1,19328,3.18813
1,20321,4.8955
1,24058,5.59797
1,26828,15.2139
1,38872,41.5017
1,47322,13.2177
1,47324,13.5299
1,53332,5.11379
2,908,171.108
2,914,241.117
2,1245,257.776
2,1419,270.529
2,1662,256.337
2,1668,273.977
2,2316,1036.91
2,2995,308.042
2,3405,490.047
2,7235,242.486
2,10231,426.893
2,14313,376.192
2,14797,188.103
2,22297,174.836
2,47704,209.044
2,49709,198.573
2,73168,199.978
3,9,0
3,2171,0.21093
3,2871,0.150429
3,5873,0.0949385
3,6252,0.123257
3,6633,0.058345
3,7391,0
3,9182,0
3,10108,0.050931
3,11055,0.922239
3,11381,0
3,12051,0
3,13754,0.104029
3,16265,0
3,19864,0.284901
3,45086,0
3,57049,0
3,70098,0
4,890,22.3245
4,1352,9.36075
4,2091,8.42394
4,2247,12.6733
4,2932,20.8789
4,3386,25.2671
4,3396,13.0831
4,6186,19.5051
4,12669,16.8795
4,26607,9.26911
4,33254,27.1451
4,33995,34.226
4,39281,14.7656
4,42252,8.7261
4,42479,15.4812
4,53464,15.8397
4,62853,24.6196
5,3,6.03122
5,54,56.6644
5,90,7.40101
5,223,19.4751
5,483,3.07584
5,501,3.25749
5,2258,4.64473
5,17624,5.60484
5,21286,2.958
5,21372,4.15363
5,22205,3.48211
5,24161,3.1392
5,24444,5.34183
5,43794,2.9436
5,51190,4.64959
5,69644,6.69189
5,74936,5.06875
6,152,45.6192
6,791,53.5578
6,1219,36.9369
6,1993,70.093
6,2346,60.3567
6,3271,36.7425
6,8001,97.6817
6,10162,38.255
6,10226,23.0786
6,10435,27.3493
6,14648,65.4185
6,17200,35.3746
6,39358,35.4345
6,43285,100.948
6,48871,62.7418
6,69253,54.6318
6,74246,26.6878
7,236,22.9593
7,2117,19.0934
7,4109,30.0146
7,5566,63.9866
7,5998,21.1222
7,6144,34.4826
7,6332,23.065
7,6828,82.9645
7,8205,120.689
7,9212,21.1924
7,9325,35.5705
7,15057,16.9088
7,15305,32.7346
7,28151,62.7421
7,36117,57.7906
7,63192,17.4812
7,76740,30.0519
9,28,0.125843
9,2678,0.0806773
9,4485,0.126675
9,5861,0.108844
9,6350,0.0533818
9,23527,0.0440398
9,26468,0.218798
9,30210,0.18623
9,44327,0.055512
10,75,60.8669
10,249,83.3767
10,657,267.994
10,717,437.44
10,845,103.314
10,1812,518.918
10,6359,137.146
10,9664,268.555
10,10413,126.63
10,12770,55.4698
10,15638,1457.09
10,22595,210.691
10,29137,45.2762
10,33665,84.6347
10,35033,63.1709
10,63273,89.999
10,76195,162.92
11,5,425.835
11,67,72.9433
11,179,64.8589
11,228,117.687
11,395,358.413
11,517,81.5242
11,1372,95.0633
11,1403,60.6541
11,1425,356.506
11,1993,103.144
11,6665,79.4432
11,11923,489.07
11,14852,73.2532
11,15904,229.878
11,17568,165.621
11,21749,467.022
11,29539,68.0814
12,72,44.2718
12,275,34.5496
12,1258,28.3679
12,2117,23.008
12,2223,44.781
12,2901,24.173
12,3887,22.9954
12,4377,37.6434
12,5830,20.5067
12,10295,58.6889
12,15540,68.9925
12,35103,24.5517
12,53110,83.0537
12,53633,24.6291
12,55022,38.0456
12,63004,36.5621
12,69868,22.9572
13,29,16.5222
13,395,36.8284
13,452,32.6006
13,475,27.3127
13,946,26.1729
13,4081,25.4904
13,5832,24.7583
13,6160,28.2355
13,7253,18.3019
13,7699,18.2031
13,11923,154.453
13,14715,15.8304
13,16247,16.1344
13,18616,15.5982
13,20076,25.6167
13,24948,16.4217
13,78512,14.4004
14,207,6.03265
14,273,17.1833
14,489,5.44317
14,495,4.46881
14,2027,5.96204
14,3744,19.7265
14,5272,13.2529
14,5878,15.0983
14,10040,9.9085
14,10944,5.75363
14,11915,5.50242
14,12142,15.5429
14,12581,12.1105
14,22415,9.92183
14,26828,7.33183
14,40780,7.20338
14,54690,8.33224
15,1331,32.3082
15,1678,236.902
15,2072,49.9958
15,3441,52.3134
15,3490,49.2302
15,3978,26.7789
15,10170,46.7984
15,13290,121.61
15,16314,134.342
15,17603,26.2219
15,18500,40.3387
15,24979,32.0714
15,30341,93.5857
15,30505,27.9835
15,34269,25.3543
15,41707,43.3516
15,58752,35.3337
16,29,255.98
16,623,234.213
16,693,181.871
16,1183,663.053
16,1398,1083.62
16,1735,301.742
16,3699,103.592
16,4249,112.078
16,10040,128.101
16,15544,173.923
16,17046,151.061
16,26828,427.111
16,31707,155.69
16,35636,235.696
16,47832,89.8957
16,65518,86.2921
16,72826,85.9771
17,461,4.98278
17,520,14.495
17,1056,14.1815
17,3654,24.0414
17,4090,4.79734
17,6276,3.99041
17,7234,4.73093
17,7415,5.82834
17,7429,7.20216
17,7901,7.37302
17,9007,8.14899
17,21360,6.01831
17,21978,3.4818
17,36096,4.19481
17,44299,4.50788
17,64529,4.73233
17,78512,8.32644
18,345,18.3518
18,406,8.07511
18,495,6.21363
18,2397,3.2904
18,3763,7.60382
18,4041,5.43044
18,4648,5.17341
18,5717,5.27563
18,9465,3.62031
18,11391,4.65146
18,14587,8.22999
18,17624,10.7653
18,17910,11.964
18,19971,3.28878
18,27892,14.4736
18,42124,5.01755
18,46462,24.246
19,219,47.9181
19,1726,216.56
19,2008,111.42
19,4814,145.293
19,6902,40.4335
19,7887,41.186
19,11381,90.9412
19,13992,157.291
19,15007,51.2182
19,20784,79.2298
19,26673,49.4886
19,28478,42.2947
19,33171,85.7682
19,41269,46.1465
19,55239,61.4744
19,62248,42.0233
19,78512,39.2563
20,1784,12.4241
20,2593,15.6193
20,2759,59.7912
20,3021,27.1185
20,6144,43.79
20,7950,31.1521
20,13569,195.514
20,15837,33.0415
20,21360,16.1391
20,25456,42.6449
20,26840,12.3324
20,28214,13.3021
20,30165,12.41
20,33814,24.7234
20,39277,28.6541
20,48031,24.7945
20,56483,19.0528
21,28,22.8366
21,223,49.1505
21,270,31.7377
21,1150,25.815
21,1505,33.0461
21,1635,24.2853
21,2027,340.418
21,2430,35.0652
21,3720,56.1331
21,3969,27.6917
21,6813,121.587
21,7200,20.4316
21,10780,21.046
21,15580,110.966
21,31474,54.5562
21,38108,21.3313
21,41987,32.9372
22,722,0.50902
22,1855,0.76798
22,1977,5.07903
22,4079,0.42691
22,7429,1.36309
22,8001,1.58307
22,9753,0.50578
22,10166,0.907704
22,11643,3.16902
22,11709,1.89069
22,12770,1.02998
22,15007,1.20434
22,32819,0.951293
22,38088,0.871367
22,39823,0.579953
22,51161,0.845632
22,80395,1.56611
23,75,60.8669
23,249,84.4959
23,657,341.599
23,845,88.3372
23,1812,968.873
23,4889,126.719
23,5970,80.8316
23,6359,137.146
23,8775,943.104
23,9664,381.583
23,10413,122.155
23,15394,127.597
23,15638,497.502
23,22595,183.461
23,35671,311.344
23,43042,302.888
23,76195,240.164
24,30,19.118
24,693,26.7269
24,908,17.0412
24,1183,29.1411
24,1446,22.5422
24,4656,13.8334
24,5567,18.1579
24,5873,15.1446
24,8657,25.7094
24,17046,26.6116
24,26822,13.0712
24,35636,18.366
24,36816,100.763
24,39577,49.8886
24,47322,9.94644
24,47832,36.9702
24,65518,86.2921
25,815,0
25,1175,0
25,2171,0.21093
25,2442,0
25,2871,0.150429
25,4396,0
25,5873,0.0949385
25,6252,0.123257
25,6633,0.058345
25,10108,0.050931
25,11055,0.922239
25,13754,0.104029
25,13878,0
25,13913,0
25,17200,0
25,19607,0
25,19864,0.284901
25,28398,0
26,32,1006.74
26,58,153.048
26,416,79.1714
26,1299,85.1969
26,1403,117.142
26,1756,90.1622
26,2182,143.584
26,2185,149.137
26,2572,85.4287
26,6997,79.08
26,11445,79.7101
26,15687,173.269
26,17768,111.119
26,20092,150.699
26,21378,95.9402
26,25020,152.322
26,47073,82.9821
27,42,3341.28
27,123,347.295
27,1903,710.939
27,2085,1856.21
27,2368,177.99
27,2962,520.194
27,3681,739.701
27,4606,367.644
27,4732,310.173
27,6766,272.933
27,10698,271.716
27,14211,317.831
27,15727,230.362
27,18860,2766.89
27,23870,310.337
27,37399,243.633
27,52215,219.072
28,749,0.504219
28,2586,0.0151806
28,3354,0.0382473
28,8408,0.0149056
28,10876,0.134026
28,31229,0.0972872
28,43341,0.0149245
28,43504,0.0667907
28,74958,0.114418
29,69,34.3226
29,101,35.5373
29,605,17.6703
29,781,15.8936
29,2127,29.4693
29,2531,17.1121
29,4090,40.7486
29,5385,18.7732
29,5873,23.4283
29,12088,16.2591
29,12334,15.1367
29,15007,15.5102
29,15190,43.4135
29,24250,33.8249
29,31905,21.4312
29,38872,15.6048
29,72411,32.1169
30,76,50.6155
30,1056,47.5514
30,1337,38.2065
30,1352,40.8044
30,1726,66.1287
30,3271,480.142
30,4090,199.349
30,7902,119.727
30,8097,41.8775
30,11735,55.9437
30,13713,82.1066
30,16495,71.2111
30,19983,88.1589
30,20410,46.2878
30,24303,40.469
30,27751,41.3105
30,74536,41.4276
31,4,91.3423
31,186,187.802
31,452,629.074
31,1668,97.4985
31,1735,143.784
31,3149,93.7516
31,3386,332.493
31,3801,389.772
31,4351,173.802
31,11528,100.183
31,14648,192.136
31,15706,154.832
31,16017,157.225
31,19593,123.601
31,25020,130.742
31,25512,106.056
31,78512,714.483
32,42,137.786
32,193,49.8904
32,387,82.1731
32,3681,90.3932
32,4606,101.945
32,4732,196.543
32,6706,52.8513
32,7738,200.441
32,8437,109.583
32,17893,85.2204
32,20268,83.286
32,22466,159.184
32,33895,57.9983
32,37399,224.692
32,60565,98.9695
32,66941,88.1039
32,73755,75.1084
33,106,301.022
33,692,312.118
33,2565,726.751
33,3001,93.3893
33,3262,113.503
33,3345,143.632
33,4595,176.953
33,5854,147.011
33,7213,105.646
33,11461,860.552
33,20134,146.005
33,30946,98.3933
33,32768,86.1008
33,35451,88.0456
33,45115,403.452
33,52291,168.118
33,72609,308.299
34,806,63.3916
34,1883,132.345
34,2091,53.5069
34,2412,76.9904
34,2578,165.641
34,2932,37.9
34,3226,51.731
34,3854,656.52
34,6630,50.2478
34,15140,56.1022
34,19738,597.384
34,26278,270.615
34,30837,33.3351
34,32230,40.7746
34,42885,36.619
34,63632,95.5074
34,75892,110.421
35,16,0.627356
35,298,0.141944
35,322,0.314085
35,394,0.153293
35,413,0.120635
35,438,0.150713
35,3272,0.183397
35,4413,0.11219
35,5791,0.240916
35,10109,0.11602
35,10384,1.51425
35,12142,0.0851656
35,17768,0.215947
35,22244,0.0708135
35,25487,0.208624
35,33820,0.163562
35,34139,0.0999882
36,122,300.486
36,249,385.356
36,382,2220.83
36,945,112.024
36,1079,289.375
36,4235,526.859
36,4336,188.041
36,5015,1084.16
36,7887,139.294
36,8554,227.229
36,8873,496.327
36,9674,388.369
36,13174,265.591
36,20321,465.06
36,31053,115.751
36,38471,355.636
36,43794,147.877
37,4,250.973
37,75,191.142
37,314,291.053
37,328,284.317
37,1568,316.206
37,1741,391.338
37,2085,330.812
37,2483,293.705
37,3345,176.122
37,4606,169.371
37,5985,238.664
37,9693,290.909
37,17910,463.802
37,21174,228.919
37,23862,832.146
37,25096,315.005
37,43951,234.771
38,16,260.8
38,30,245.068
38,45,335.641
38,54,454.555
38,76,189.633
38,2540,275.914
38,3038,161.481
38,3603,236.013
38,5067,600.856
38,5071,157.9
38,5375,329.541
38,7000,160.59
38,13016,210.911
38,22641,157.159
38,23541,211.07
38,26356,512.796
38,66105,178.093
39,11,3.96913
39,406,2.57443
39,852,2.99272
39,971,7.191
39,2742,4.92185
39,5347,11.0221
39,5970,8.94648
39,8571,3.53696
39,8597,13.1371
39,9195,3.35261
39,11079,3.1282
39,21471,10.1694
39,23650,10.5021
39,28385,4.89281
39,42063,14.9453
39,52603,3.91342
39,55992,3.7838
40,507,9.84648
40,509,12.0386
40,543,11.9006
40,791,13.9102
40,1295,28.1529
40,1855,10.2753
40,3149,12.0532
40,4090,21.4235
40,6179,15.7079
40,7312,13.6257
40,7429,8.81071
40,9824,19.9395
40,11709,77.8115
40,15007,17.9611
40,15747,20.6919
40,24469,15.2733
40,72503,12.7573
42,336,2.80506
42,581,0.100773
42,4614,1.48713
42,6966,0.102181
42,21327,0.591839
42,25304,3.89033
42,28768,0.966059
42,52291,0.951683
42,73757,0.104942
43,402,64.0338
43,1741,51.0633
43,1903,87.2871
43,3681,70.1248
43,7041,62.3118
43,7890,38.9585
43,8373,51.7635
43,10210,33.7957
43,12344,41.5354
43,19856,98.2749
43,23533,31.5144
43,24565,44.1484
43,28768,31.7377
43,42792,63.3943
43,66941,106.171
43,73755,36.6765
43,76472,46.374
44,186,232.664
44,1993,205.907
44,3801,1239.47
44,4648,129.706
44,5578,328.614
44,7231,152.611
44,9855,163.246
44,12786,229.813
44,15411,151.109
44,15706,207.866
44,19761,182.024
44,24033,480.26
44,25020,168.818
44,25985,236.045
44,39065,136.179
44,44049,150.499
44,78512,776.081
45,67,50.1702
45,113,17.2366
45,543,26.2332
45,878,27.4481
45,2108,33.8233
45,2140,35.7167
45,5270,112.178
45,6182,22.74
45,6726,16.5761
45,10891,27.8318
45,16529,21.5512
45,26527,19.2762
45,33758,31.9726
45,36604,58.5591
45,48986,24.7742
45,50886,24.9272
45,74632,20.9661
46,22,524.326
46,113,27.4391
46,361,840.821
46,2102,63.6873
46,2788,285.452
46,2932,210.301
46,3597,33.6018
46,4599,302.616
46,9053,237.53
46,10347,23.3262
46,11449,948.612
46,11830,52.4546
46,13792,67.3782
46,23574,28.3406
46,23907,20.6926
46,33995,464.057
46,50715,216.023
47,37,49.4295
47,40,33.8961
47,324,26.4947
47,1523,205.606
47,1963,21.5928
47,2368,21.4749
47,3511,51.8105
47,5123,26.5808
47,8263,30.1718
47,11346,24.6462
47,12844,20.2581
47,17148,34.8944
47,17440,29.9051
47,18497,29.4917
47,20423,52.9907
47,37614,65.4396
47,54496,24.2756
48,3,12.7755
48,45,10.8397
48,90,12.6729
48,112,12.1511
48,345,17.9031
48,406,17.1607
48,416,16.512
48,759,16.7142
48,1993,10.7883
48,14586,33.0993
48,15824,13.0838
48,23256,18.9189
48,25020,47.8841
48,37052,25.0665
48,40780,19.1047
48,42100,10.3858
48,66234,91.6282
49,165,0.816809
49,306,0.616557
49,613,0.435408
49,716,0.331517
49,2443,0.848496
49,2537,0.923062
49,2717,0.35223
49,8879,0.651926
49,9796,1.20383
49,15190,3.32243
49,21674,0.331946
49,26713,0.389775
49,37134,0.331404
49,39406,0.808738
49,39752,1.76102
49,55439,0.467499
49,75109,3.51628
50,4,390.862
50,54,424.27
50,315,134.917
50,614,92.2073
50,2965,481.066
50,3012,117.156
50,3331,171.827
50,4248,291.74
50,4599,95.643
50,9024,101.693
50,9792,115.061
50,10385,252.742
50,14199,240.376
50,25764,162.797
50,26914,136.631
50,39119,1364.81
50,55460,145.753
51,507,1.4803
51,1977,0.333765
51,4842,1.41708
51,6795,1.03656
51,7429,0.260976
51,9007,1.1074
51,11652,0.438011
51,12786,1.40855
51,21360,1.50828
51,25540,0.524052
51,25873,0.192608
51,30907,0.891929
51,39381,1.37425
51,48871,0.277251
51,52535,0.313817
51,67101,0.257124
51,67199,1.45404
52,322,6.24427
52,506,7.48228
52,1042,8.19267
52,1076,8.1079
52,1102,5.3043
52,2713,5.03341
52,3774,6.60423
52,5053,43.494
52,6354,19.4591
52,9509,7.76484
52,9931,15.4217
52,12910,10.2915
52,18605,11.4239
52,33857,35.5545
52,35554,7.89253
52,40209,5.38122
52,47776,22.955
53,1076,0.0759755
53,1841,0
53,2626,0
53,2953,0.0561242
53,4888,0.0680874
53,9931,0.0904549
53,12134,0
53,12910,0.225399
53,13346,0
53,14958,0
53,16184,0.176643
53,19767,0
53,22787,0.152983
53,23378,0
53,24430,0
53,24751,0
53,24754,0
53,32510,0
53,36243,0
53,38515,0
53,43776,0
53,47018,0
53,51966,0.0777524
53,59674,0
53,65049,0.0765797
53,73908,0
54,147,8.50381
54,249,12.3948
54,504,32.9837
54,1077,5.80533
54,1432,14.0087
54,4057,5.65586
54,4730,9.67419
54,5971,8.23583
54,8495,4.78219
54,9294,7.57875
54,9712,35.5513
54,11251,8.83507
54,22762,6.679
54,25937,33.5209
54,59880,7.13188
54,64730,36.1373
54,76487,23.5639
55,30,27.966
55,112,18.655
55,1214,20.452
55,1492,20.3384
55,3382,15.0943
55,3906,81.4106
55,6243,25.0435
55,6766,18.6236
55,8263,26.8781
55,9344,14.7861
55,11461,22.6452
55,11925,15.0532
55,14724,37.8233
55,15970,26.879
55,20539,39.4503
55,28875,22.9818
55,45091,11.9671
57,124,5.12016
57,416,27.4376
57,1119,6.77673
57,1977,7.90443
57,2572,8.69461
57,3271,4.39493
57,6213,4.68806
57,7820,15.1262
57,7854,9.30171
57,11249,10.8657
57,11381,10.3804
57,13362,14.8775
57,13771,28.1911
57,15007,8.06383
57,22312,64.1131
57,48088,15.0927
57,75620,4.37652
58,572,4.93104
58,589,62.8591
58,804,6.8471
58,850,5.37923
58,1022,16.3318
58,1132,3.41736
58,1311,74.7325
58,2026,5.33687
58,4244,13.1847
58,6392,13.1905
58,8084,7.66208
58,11111,4.21334
58,16354,4.7195
58,40986,9.30529
58,53766,4.19696
58,74041,3.52252
58,78731,27.0281
59,115,22.2269
59,120,53.0003
59,125,17.6062
59,622,100.445
59,4039,18.4888
59,7827,19.041
59,15149,31.042
59,15571,25.8221
59,25509,45.5042
59,26527,218.271
59,34814,42.8288
59,43742,21.0814
59,55303,112.354
59,71914,29.0738
59,74627,23.4356
59,78512,20.6347
59,78937,23.9688
60,86,45.4642
60,304,63.6924
60,2626,284.216
60,2689,81.2286
60,3048,65.7015
60,3685,54.7888
60,4413,43.459
60,18482,55.7756
60,18867,59.0355
60,18868,44.1146
60,24751,71.979
60,25592,169.657
60,27990,42.249
60,29896,52.2653
60,34141,49.1325
60,44801,182.598
60,64901,44.18
62,1176,45.1201
62,3130,56.6406
62,3547,127.166
62,4795,42.1711
62,6040,33.3004
62,8010,77.5492
62,11962,54.5356
62,12293,48.9644
62,12359,82.945
62,13430,80.7013
62,18876,124.957
62,27610,35.806
62,36441,71.2852
62,53459,33.0692
62,60972,115.062
62,64900,34.1837
62,70142,42.2037
63,141,17.089
63,240,14.1842
63,730,21.4781
63,908,13.2376
63,1011,26.6201
63,1311,64.147
63,2026,15.2002
63,2238,32.8077
63,3044,14.5111
63,6446,34.0565
63,7318,10.2351
63,7827,11.0579
63,9704,16.8928
63,10407,15.6251
63,11665,72.362
63,14199,35.6838
63,17010,17.9783
64,2799,3.49243
64,4683,1.55079
64,5272,1.42297
64,5380,1.27922
64,7227,1.51738
64,15526,11.8402
64,30882,0.932137
64,72930,1.36049
64,74391,2.60441
66,803,175.266
66,969,48.9507
66,2388,60.2952
66,2759,114.633
66,6276,48.6867
66,7143,60.8647
66,9496,88.4356
66,11404,99.1038
66,13537,41.7282
66,14480,35.8591
66,20404,46.2238
66,22297,74.0683
66,22875,49.0213
66,23522,54.2611
66,42853,55.8119
66,43292,188.6
66,64976,59.7614
68,647,0.345102
68,2017,0.432078
68,2019,0.323859
68,8341,0.620008
68,10438,1.48498
68,12142,0.46645
68,17892,0.505581
68,40507,0.379402
68,80386,1.44254
69,3,41.7466
69,191,35.387
69,759,129.351
69,923,33.529
69,2668,21.9116
69,3125,47.7423
69,3525,19.3938
69,4945,58.12
69,5268,44.5951
69,6138,24.5307
69,7198,39.8623
69,13448,17.6077
69,24329,12.1829
69,24886,13.5275
69,29896,12.1248
69,56535,18.3887
69,61163,40.5269
70,489,0
70,1274,0
70,5154,0
70,6617,0
70,12112,0
70,17378,0
70,17714,0
70,22525,0
70,34991,0
71,30,27.2069
71,223,61.169
71,394,15.4856
71,1778,55.8467
71,3345,27.9551
71,4079,69.2034
71,4538,19.9431
71,7227,15.0363
71,9189,16.0868
71,9790,16.3747
71,10384,49.1056
71,12770,32.3527
71,13150,291.58
71,29465,184.069
71,30029,198.347
71,34137,24.8177
71,40241,22.873
72,3,15.6533
72,41,26.7312
72,154,27.1169
72,1042,14.0715
72,3063,35.6895
72,4714,23.5297
72,6354,21.8666
72,6739,21.7336
72,8798,20.5246
72,9007,41.2826
72,12910,151.635
72,13000,29.6173
72,16127,49.2256
72,19573,105.894
72,24430,41.5803
72,38539,36.4609
72,49154,18.3899
73,1261,80.6262
73,2055,109.856
73,2626,382.171
73,3940,123.202
73,5053,127.035
73,8010,390.55
73,11247,204.159
73,11442,304.518
73,13430,465.762
73,13560,481.884
73,38168,88.9427
73,41918,106.916
73,54004,201.443
73,56622,123.483
73,58931,173.997
73,65264,86.0667
73,74478,836.323
74,69,521.75
74,154,677.709
74,693,49.0878
74,1517,50.3443
74,3706,94.8701
74,5204,97.0424
74,9294,45.1681
74,13771,72.9198
74,14223,207.405
74,15853,121.301
74,16628,90.865
74,18506,125.605
74,20572,82.9326
74,28214,380.828
74,28475,123.688
74,28696,87.5039
74,38505,148.77
75,167,44.1035
75,1419,124.527
75,4951,162.871
75,8241,41.4731
75,9445,462.758
75,10472,52.0707
75,12137,334.238
75,14141,152.998
75,16354,79.6496
75,22163,122.474
75,24430,165.006
75,25225,82.084
75,29137,44.9091
75,31173,37.5525
75,36121,102.648
75,64778,39.7878
75,65138,42.7734
76,5,18.481
76,171,12.2024
76,915,17.4278
76,1602,9.29449
76,4051,7.34434
76,4599,7.72127
76,5210,7.87388
76,6180,9.4468
76,7854,30.2677
76,12787,10.3558
76,25462,30.3674
76,28967,11.7801
76,30954,6.55328
76,36020,17.1465
76,43041,5.29538
76,43056,10.8068
76,62813,6.93388
77,945,3.0844
77,1234,25.6323
77,2257,2.3871
77,2741,3.14184
77,2983,5.77373
77,3670,5.12008
77,6926,4.61761
77,11347,4.35222
77,15708,3.7049
77,17671,3.30188
77,20240,2.95052
77,22384,5.91725
77,25795,3.47798
77,32805,20.7867
77,42624,2.1357
77,43498,17.0898
77,59297,5.82728
78,3400,119.852
78,3676,139.13
78,4079,261.896
78,4589,146.426
78,5091,217.205
78,9356,1033
78,13522,196.31
78,13920,555.45
78,14028,147.687
78,17569,108.558
78,19528,277.053
78,19767,139.011
78,20727,169.753
78,27644,141.344
78,34969,195.972
78,55683,178.013
78,66480,187.184
79,449,6.00758
79,1513,26.5122
79,1638,5.21873
79,2081,6.18433
79,2953,7.80525
79,3674,11.8793
79,5091,11.7119
79,7905,6.64806
79,8969,5.39989
79,10384,16.8066
79,11581,16.3629
79,13980,5.41809
79,16233,10.7675
79,21169,11.8003
79,21859,6.19139
79,31817,73.7563
79,58782,5.15297
80,2055,864.823
80,4396,159.387
80,4888,140.459
80,11740,274.137
80,12910,243.879
80,13689,150.846
80,18605,279.784
80,19665,253.892
80,20727,253.095
80,23708,170.04
80,25985,133.067
80,30527,1374.97
80,31984,422.466
80,36756,164.698
80,43865,328.26
80,47510,166.956
80,48979,139.982
81,4,134.883
81,22,69.7741
81,481,318.183
81,948,422.317
81,972,144.637
81,1731,545.243
81,3345,95.5232
81,3413,225.405
81,3829,282.585
81,4648,89.201
81,9507,103.054
81,9707,59.8387
81,9710,76.7514
81,10152,82.7622
81,17134,60.2058
81,19533,88.5937
81,29357,252.336
82,4,30.9938
82,99,9.8494
82,168,31.064
82,332,21.2403
82,462,5.55333
82,914,9.45435
82,1330,12.3712
82,1676,5.26214
82,2042,13.4568
82,4197,6.45044
82,8072,5.07839
82,8809,11.9642
82,15142,17.1902
82,24749,12.7903
82,24803,9.83324
82,70406,29.4043
82,78433,4.90784
83,2055,186.979
83,11002,65.9571
83,12176,45.3938
83,12368,43.1399
83,12753,44.3827
83,13107,297.972
83,13689,68.5562
83,22843,64.7943
83,23819,61.9409
83,28057,102.355
83,33291,51.1297
83,33603,172.178
83,35061,88.7709
83,46388,44.9879
83,47018,90.3512
83,56608,47.3387
83,62378,62.3491
84,2447,1.78005
84,6455,9.15058
84,7864,1.37055
84,9199,0.896062
84,11769,1.12763
84,12910,25.5094
84,15293,1.78594
84,15509,0.53023
84,19386,1.10466
84,24751,0.944562
84,27014,0.89268
84,32510,2.58676
84,35057,77.3856
84,40018,1.71286
84,43865,3.608
84,48979,8.57796
84,49154,1.12076
85,1076,112.42
85,2055,98.7357
85,4888,91.459
85,6288,84.2053
85,6354,182.375
85,9807,110.571
85,10364,145.467
85,12910,577.383
85,13000,632.291
85,13107,165.762
85,13689,191.585
85,19573,88.8687
85,25703,78.5008
85,40500,76.3617
85,41760,302.831
85,42641,550.245
85,75009,90.3071
86,559,56.1451
86,1291,67.1056
86,1833,26.2381
86,3063,89.4072
86,6354,32.6081
86,11586,61.1655
86,12910,191.055
86,13000,109.832
86,15007,21.0364
86,16127,47.5488
86,19573,95.7928
86,31397,37.5779
86,31612,73.4844
86,52551,59.0965
86,55267,27.2458
86,60692,23.8584
86,68562,24.352
87,1483,53.5446
87,3547,30.2817
87,4400,20.7953
87,7840,33.1987
87,8009,28.1401
87,8010,33.7454
87,12359,33.2583
87,13798,97.3389
87,19767,41.853
87,24430,81.2252
87,25702,37.7674
87,31497,42.2237
87,36727,68.0413
87,44683,32.989
87,45957,20.7052
87,62459,26.9144
87,70142,20.5223
88,122,0.0720167
88,1077,0.810603
88,1311,0.39164
88,2051,0.346036
88,2871,0.106408
88,3856,0.260066
88,4727,0.0734292
88,4878,0.713604
88,6918,0.142348
88,9042,0.093181
88,11398,0.187481
88,14491,0.427332
88,19201,0.505745
88,25345,0.122949
88,28372,0.423012
88,46625,0.422411
88,59785,0.422434
89,89,100.27
89,381,212.104
89,2697,155.001
89,3420,82.517
89,3631,143.919
89,3785,124.471
89,5723,113.062
89,12578,87.3025
89,17705,81.9888
89,20269,66.9854
89,23139,120.012
89,29200,70.3948
89,29219,148.595
89,50748,107.34
89,53496,199.397
89,54761,101.974
89,65992,205.413
90,494,7.48121
90,574,6.35844
90,1112,10.0646
90,4090,11.0982
90,4956,11.7282
90,5277,1.41127
90,8443,1.82563
90,9189,1.38352
90,9792,1.59642
90,11437,4.45061
90,12770,2.54205
90,21360,6.86774
90,23754,1.30837
90,28385,23.9595
90,33154,1.615
90,38419,1.34663
90,38693,2.3791
91,89,100.27
91,381,212.104
91,2697,155.001
91,3420,82.517
91,3785,124.471
91,5723,113.062
91,12578,87.3025
91,17705,81.9888
91,20269,66.9854
91,28464,65.6138
91,29010,437.29
91,29200,70.3948
91,38994,171.916
91,50748,107.34
91,53496,199.397
91,54761,101.974
91,65992,205.413
92,158,25.3858
92,1183,40.7673
92,2965,48.0719
92,3013,135.333
92,3763,24.9984
92,3876,31.8188
92,8059,113.871
92,9883,22.4706
92,13640,21.2296
92,14199,22.3146
92,16086,35.7953
92,20410,37.9462
92,21414,47.7274
92,29558,19.9451
92,33949,27.7644
92,54137,30.9447
92,61396,24.9032
93,28,13.0283
93,452,17.6631
93,780,11.2621
93,2158,8.78842
93,3102,8.53575
93,4380,3.38
93,8023,4.12824
93,10250,8.85566
93,11809,3.90242
93,13142,3.82944
93,23395,4.01622
93,26673,5.9408
93,33465,3.8075
93,35871,9.67535
93,44049,5.19524
93,63064,14.0803
93,80572,7.94656
94,992,297.742
94,1245,239.817
94,1438,211.097
94,1555,588.805
94,2073,368.963
94,4951,280.196
94,5676,133.443
94,9195,137.821
94,16314,187.431
94,17311,118.911
94,17860,173.313
94,19499,122.988
94,23678,123.411
94,25075,899.451
94,30341,201.488
94,42476,305.755
94,51190,131.796
95,1076,0.0248773
95,3774,0.708443
95,4888,0.0261678
95,12910,0.107207
95,13346,0.00949557
95,15978,0.0720666
95,27982,0.00957821
95,37700,0.0134887
95,49305,0.0286752
96,83,28.273
96,2805,14.7704
96,5091,134.344
96,5416,99.0307
96,9411,40.4091
96,10121,77.4524
96,17058,16.3681
96,17768,13.8707
96,18566,29.8602
96,21645,91.8118
96,22954,17.2718
96,39425,11.2695
96,42479,29.3023
96,44340,29.9289
96,53041,18.7135
96,71098,19.2526
96,80176,11.0537
97,3,61.1566
97,40,51.8153
97,296,73.5788
97,801,111.601
97,2727,71.9329
97,8263,89.0653
97,10486,73.9107
97,11626,68.0832
97,11824,46.3065
97,13110,47.7699
97,21095,67.2169
97,22610,52.1941
97,28320,116.339
97,28868,114.859
97,59312,64.1005
97,78156,62.9973
97,80479,188.374
98,4,50.6276
98,203,96.8032
98,590,51.7795
98,1017,30.7018
98,1826,66.7819
98,2535,34.4034
98,3120,24.002
98,3271,24.9883
98,5571,28.4457
98,10231,142.098
98,12728,44.4242
98,13173,23.3353
98,16530,48.3334
98,21664,41.9129
98,55992,174.882
98,61105,34.7186
98,72765,48.2655
99,249,56.1858
99,270,161.457
99,378,28.1998
99,1234,43.3274
99,1500,204.533
99,1931,44.2457
99,3013,32.3283
99,3102,31.2263
99,3967,61.3694
99,7504,39.7113
99,8961,32.2704
99,11511,66.4915
99,12444,38.1221
99,14199,68.1039
99,15649,72.099
99,22384,39.33
99,60221,35.361
100,270,7.97391
100,1019,25.037
100,1378,5.0636
100,1594,9.64376
100,3102,6.70874
100,3248,6.37438
100,4185,5.07412
100,13150,72.0045
100,14421,12.7102
100,15702,8.29181
100,15824,54.116
100,17044,10.054
100,22694,8.88259
100,22829,13.2585
100,36100,20.7931
100,60221,14.7436
100,71998,7.87027
101,94,0
101,249,0.143968
101,382,0.169766
101,569,0
101,1213,0
101,1668,0.0994803
101,3129,0.202698
101,5873,0
101,6055,0.311033
101,6087,0.255638
101,8904,0
101,8984,0
101,9397,0.406769
101,14849,0.141209
101,33063,0
101,43812,0
101,60884,0.269438
101,61974,0
102,16,284.258
102,1300,63.74
102,3345,29.5898
102,4464,75.8333
102,5251,29.0213
102,9150,67.2563
102,10121,121.48
102,19382,113.465
102,19457,24.2358
102,26760,36.7307
102,28495,40.1346
102,30432,113.584
102,31005,55.2077
102,42613,55.773
102,74133,31.9698
102,75021,24.5525
102,75656,50.3863
103,577,0.190064
103,1359,0.328491
103,1411,1.62954
103,1879,0.40785
103,1934,1.45019
103,2122,1.37485
103,3596,0.0594102
103,5238,0.203748
103,6315,0.282904
103,7990,0.0588601
103,8661,0.226566
103,9326,0.188451
103,14199,0.545402
103,18311,0.222946
103,30441,0.0585525
103,33363,1.1162
103,66130,0.203553
104,154,122.325
104,354,76.3814
104,401,26.1548
104,908,118.124
104,1668,96.5177
104,2045,38.5082
104,3271,46.383
104,5286,95.215
104,6055,69.4271
104,6795,31.2189
104,13121,43.3744
104,17677,103.557
104,17854,41.5648
104,25218,74.7071
104,32759,34.1617
104,53298,56.86
104,78512,32.2177
105,22,3.03975
105,227,1.35717
105,743,29.7648
105,946,5.01411
105,1085,1.80716
105,1411,35.3653
105,2312,1.45787
105,2560,1.35826
105,20393,1.35726
105,28908,3.89941
105,30441,1.37011
105,30871,1.35815
105,36626,19.7534
105,37006,1.8128
105,46601,3.6241
105,51908,1.68547
105,73627,2.16745
106,489,83.7773
106,687,293.687
106,897,78.9671
106,1367,186.073
106,1584,53.7743
106,2902,150.435
106,4309,50.8355
106,4914,107.172
106,8888,63.9084
106,10040,65.1295
106,11843,93.9206
106,15685,55.9148
106,25020,301.013
106,30354,50.7401
106,31170,185.932
106,50063,209.057
106,63541,69.2175
107,72,103.602
107,79,262.966
107,1554,147.064
107,2078,219.719
107,4248,53.9403
107,6349,60.3708
107,9061,155.346
107,9380,53.5534
107,15254,62.7987
107,19704,219.606
107,22629,161.207
107,24803,67.7604
107,35650,61.7484
107,53496,88.8561
107,54576,62.3875
107,65988,77.5991
107,78616,86.8639
108,130,318.809
108,693,308.635
108,2013,184.607
108,3699,42.1248
108,3832,87.6482
108,3907,86.6171
108,4421,65.8086
108,9098,84.6368
108,14321,37.9449
108,15086,34.2368
108,17828,35.5508
108,18579,80.701
108,21360,34.4888
108,23916,222.426
108,26828,84.8683
108,31438,80.452
108,63132,58.8136
109,326,8.02567
109,416,25.6046
109,1383,6.80953
109,1726,3.62166
109,2572,8.69461
109,3209,5.07887
109,6213,4.68806
109,7820,10.2321
109,7854,9.30171
109,11381,10.7768
109,12142,6.68279
109,13362,13.4961
109,21169,4.31619
109,22312,64.1131
109,23951,5.19558
109,47190,7.0247
109,58782,4.54392
110,147,168.376
110,665,152.103
110,1466,194.284
110,1993,214.43
110,2185,455.294
110,3274,133.471
110,3380,119.365
110,6180,529.323
110,11381,316.377
110,13348,179.244
110,15007,123.098
110,17920,319.91
110,22731,843.677
110,30689,119.56
110,44647,137.054
110,56314,135.78
110,64730,344.689
112,474,5.75813
112,908,21.9633
112,2735,11.9642
112,4421,7.35845
112,6850,6.47917
112,7311,13.3684
112,7392,3.05781
112,8661,2.67676
112,12786,2.86155
112,14106,2.86955
112,16593,8.00874
112,22948,3.86953
112,38733,3.997
112,39841,3.48824
112,43188,6.81699
112,48837,2.37592
112,70420,3.3362
113,393,56.6287
113,1183,16.9278
113,1352,16.9734
113,1467,105.916
113,1993,29.6712
113,2107,19.0478
113,3597,85.8668
113,4683,49.4111
113,5873,21.792
113,6457,14.1391
113,11643,15.3534
113,12126,108.918
113,12985,23.0193
113,13322,25.7239
113,18578,14.9163
113,32419,14.9618
113,48088,91.9832
114,1284,11.4486
114,2121,5.42151
114,2200,7.35645
114,4183,6.4756
114,5210,10.839
114,7804,5.69266
114,8201,5.71266
114,12308,12.6505
114,12364,5.34517
114,30912,19.3235
114,30954,7.55144
114,34911,16.0854
114,36020,32.5078
114,44534,4.24223
114,55734,12.882
114,56546,15.8268
114,72946,5.27716
115,509,1147.97
115,1295,245.6
115,1311,143.398
115,1554,133.789
115,1668,154.161
115,4956,109.328
115,6055,100.204
115,9785,108.308
115,10384,151.713
115,20469,134.195
115,20548,158.574
115,29648,157.598
115,53496,267.257
115,58531,99.1116
115,66144,116.247
115,70012,135.036
115,78512,193.138
116,16,624.167
116,165,729.43
116,977,244.248
116,1616,230.077
116,3948,185.083
116,6032,655.529
116,11355,263.757
116,12778,409.101
116,15065,876.682
116,15140,509.333
116,15904,494.908
116,19676,897.102
116,21037,268.902
116,40007,272.595
116,51020,239.442
116,63043,368.22
116,81118,220.512
117,214,41.7322
117,686,66.1297
117,1426,295.292
117,1755,79.8456
117,2948,267.539
117,4260,23.158
117,4557,69.7714
117,5100,50.0578
117,7238,280.995
117,7947,30.0481
117,11249,64.5542
117,13236,23.8079
117,19983,21.5376
117,24033,80.892
117,29107,42.4168
117,36338,29.4632
117,52984,267.261
118,267,111.299
118,1183,94.229
118,1443,210.431
118,1547,210.287
118,1749,131.733
118,2091,164.096
118,3691,152.524
118,4683,106.899
118,5472,96.8288
118,7389,460.842
118,7392,157.101
118,11300,125.095
118,19274,128.849
118,25010,226.635
118,29317,91.5413
118,47322,186.209
118,56270,488.298
119,90,0.600162
119,225,0.692636
119,507,3.98889
119,600,0.51194
119,1151,0.726206
119,1726,3.73428
119,3220,4.70304
119,4047,3.36098
119,6179,7.36697
119,8200,0.300125
119,10711,1.55312
119,12770,0.990277
119,13999,0.393027
119,31606,0.300769
119,44375,5.94981
119,53862,0.425399
119,60884,9.88772
120,2026,4.24369
120,2321,0.498602
120,3905,0.349535
120,4515,1.47001
120,5406,3.01057
120,7694,1.67304
120,10764,2.97369
120,11398,1.73711
120,13713,3.06859
120,14814,3.73494
120,20321,0.319521
120,26261,0.727114
120,46828,0.277164
120,58298,1.43029
120,67417,0.816197
120,72200,0.715072
120,82780,0.791197
121,65,97.1206
121,474,103.93
121,507,34.8368
121,555,74.9289
121,2123,34.332
121,2126,87.7857
121,2504,46.6719
121,2761,88.2281
121,2984,99.9521
121,4558,47.023
121,5410,67.9879
121,9221,71.97
121,13209,33.1541
121,14105,28.8787
121,21758,42.2077
121,43190,166.142
121,45000,26.4972
122,41,352.572
122,168,92.2427
122,759,485.884
122,914,91.9501
122,1065,1049.45
122,3271,434.99
122,3494,107.452
122,4428,134.573
122,9667,130.065
122,9868,120.312
122,10230,99.7032
122,12293,3435.3
122,14321,128.501
122,24901,115.06
122,28518,132.273
122,60972,90.65
122,70906,245.012
123,306,35.4985
123,395,95.893
123,416,38.1186
123,507,80.4565
123,946,40.6804
123,2276,48.8928
123,2531,67.903
123,4648,142.116
123,8988,34.8077
123,12084,212.166
123,14106,59.3008
123,14199,62.6808
123,26638,246.295
123,32694,134.301
123,48871,45.6322
123,54432,35.7456
123,56076,67.5951
124,42,3172.56
124,103,3584.72
124,576,2042.07
124,1051,707.888
124,1281,452.208
124,2123,441.835
124,2733,454.739
124,3900,450.753
124,5211,1396.03
124,6964,3573.05
124,7571,872.009
124,13311,753.133
124,16592,1123.73
124,16906,598.639
124,20165,508.795
124,38253,460.202
124,63198,493.583
125,141,1.57338
125,908,5.51523
125,1311,53.9241
125,2238,17.207
125,3336,12.0436
125,4578,3.51373
125,4727,0.825372
125,4764,1.18678
125,5978,28.8178
125,13049,3.58885
125,22333,3.52419
125,24728,1.21458
125,36694,1.34187
125,48107,0.873005
125,56413,3.47577
125,67417,1.21329
125,68992,3.75845
126,974,40.7063
126,1061,45.1281
126,1214,80.379
126,1361,38.8531
126,3792,41.6842
126,4058,38.7595
126,8048,54.8464
126,12102,49.483
126,20825,54.9952
126,21299,24.9138
126,25251,27.1007
126,28868,75.4116
126,37028,48.6224
126,48758,28.4765
126,57158,74.0797
126,65091,30.05
126,77039,24.8945
127,460,111.281
127,555,117.535
127,693,71.0687
127,908,74.2716
