publication_id,keyword_id,score,pub_id,kw_id
21366,406,0.186815,p21366,k406
21366,846,0.190601,p21366,k846
21366,1379,0.363967,p21366,k1379
21366,6997,0.205363,p21366,k6997
21366,8857,0.196315,p21366,k8857
21366,13682,0.252344,p21366,k13682
21366,26673,0.143222,p21366,k26673
21366,56308,0.0985272,p21366,k56308
21366,59312,0.176985,p21366,k59312
21805,2309,0.00465382,p21805,k2309
21805,2600,0.561669,p21805,k2600
21805,6752,0.478437,p21805,k6752
21805,9278,0.0119003,p21805,k9278
21805,14444,0.00431969,p21805,k14444
21805,15377,0.00330455,p21805,k15377
21805,24075,0.00801736,p21805,k24075
21805,26383,0.00675612,p21805,k26383
21805,48584,0.629703,p21805,k48584
27071,3939,0.00363708,p27071,k3939
27071,9314,0.251208,p27071,k9314
27071,10435,0.250498,p27071,k10435
27071,11788,0.208498,p27071,k11788
27071,14621,0.00359393,p27071,k14621
27071,16014,0.350686,p27071,k16014
27071,18024,0.118258,p27071,k18024
27071,18389,0.00825946,p27071,k18389
27071,63223,0.309421,p27071,k63223
43295,3241,0.352231,p43295,k3241
43295,3990,0.263967,p43295,k3990
43295,5635,0.183598,p43295,k5635
43295,6632,0.365733,p43295,k6632
43295,8415,0.434211,p43295,k8415
43295,21631,0.229354,p43295,k21631
43295,29278,0.43835,p43295,k29278
43295,44877,0.1256,p43295,k44877
43295,63206,0.143398,p43295,k63206
57330,324,0.218982,p57330,k324
57330,4485,0.542724,p57330,k4485
57330,10050,0.404694,p57330,k10050
57330,12877,0.375342,p57330,k12877
57330,28586,0.00494221,p57330,k28586
57330,51158,0.212357,p57330,k51158
57330,63454,0.32465,p57330,k63454
57330,71854,0.220698,p57330,k71854
57330,73620,0.00463361,p57330,k73620
69399,1638,0.256606,p69399,k1638
69399,3539,0.362466,p69399,k3539
69399,4047,0.303663,p69399,k4047
69399,4132,0.32623,p69399,k4132
69399,5532,0.299943,p69399,k5532
69399,18246,0.606195,p69399,k18246
69399,20410,0.595746,p69399,k20410
69399,21360,0.410229,p69399,k21360
69399,24928,0.310077,p69399,k24928
78665,5554,0.000311063,p78665,k5554
78665,10498,0.00043803,p78665,k10498
78665,11344,-0.000261731,p78665,k11344
78665,13509,0.18647,p78665,k13509
78665,21420,-0.000387165,p78665,k21420
78665,24749,0.0830577,p78665,k24749
78665,26828,0.0235696,p78665,k26828
78665,27512,0.109282,p78665,k27512
78665,40541,-1.78339E-05,p78665,k40541
93138,925,0.289565,p93138,k925
93138,2173,0.345825,p93138,k2173
93138,7253,0.152151,p93138,k7253
93138,10435,0.329837,p93138,k10435
93138,12347,0.00492237,p93138,k12347
93138,16498,0.332747,p93138,k16498
93138,28338,0.205055,p93138,k28338
93138,38422,0.376536,p93138,k38422
93138,61676,0.35581,p93138,k61676
93644,2074,0.31366,p93644,k2074
93644,4764,0.340665,p93644,k4764
93644,7889,0.0122732,p93644,k7889
93644,11713,0.296838,p93644,k11713
93644,15210,0.325236,p93644,k15210
93644,21929,0.402846,p93644,k21929
93644,27350,0.301977,p93644,k27350
93644,28338,0.19386,p93644,k28338
93644,37574,0.315238,p93644,k37574
140362,174,0.477544,p140362,k174
140362,3382,0.315703,p140362,k3382
140362,4354,0.322218,p140362,k4354
140362,14106,0.319877,p140362,k14106
140362,25897,0.285739,p140362,k25897
140362,47609,0.0129675,p140362,k47609
140362,48115,0.628513,p140362,k48115
140362,54182,0.451124,p140362,k54182
140362,60545,0.444825,p140362,k60545
144650,1331,0.120858,p144650,k1331
144650,2776,0.231252,p144650,k2776
144650,5198,0.241694,p144650,k5198
144650,5371,0.0309041,p144650,k5371
144650,8532,0.233919,p144650,k8532
144650,11391,0.189702,p144650,k11391
144650,11925,0.198049,p144650,k11925
144650,47812,0.201068,p144650,k47812
144650,64860,0.098444,p144650,k64860
149980,0,0.00891148,p149980,k0
149980,362,0.225276,p149980,k362
149980,2134,0.00231063,p149980,k2134
149980,2602,0.411012,p149980,k2602
149980,3345,0.326916,p149980,k3345
149980,3382,0.0629373,p149980,k3382
149980,13760,0.217118,p149980,k13760
149980,21014,0.137705,p149980,k21014
149980,43863,0.00426991,p149980,k43863
162256,325,0.25137,p162256,k325
162256,501,0.422383,p162256,k501
162256,1602,0.343031,p162256,k1602
162256,2197,0.324465,p162256,k2197
162256,2610,0.389247,p162256,k2610
162256,2983,0.451026,p162256,k2983
162256,8062,0.380671,p162256,k8062
162256,9206,0.216398,p162256,k9206
162256,61526,0.480377,p162256,k61526
185553,554,0.00238301,p185553,k554
185553,1910,0.486508,p185553,k1910
185553,2309,0.00412699,p185553,k2309
185553,4461,0.230122,p185553,k4461
185553,12546,0.394747,p185553,k12546
185553,17765,0.00376199,p185553,k17765
185553,21682,0.00521466,p185553,k21682
185553,25621,0.420219,p185553,k25621
185553,81139,0.00538194,p185553,k81139
208461,4578,0.000517997,p208461,k4578
208461,6349,0.216215,p208461,k6349
208461,7860,0.15677,p208461,k7860
208461,8443,0.0430378,p208461,k8443
208461,9042,0.00588288,p208461,k9042
208461,13212,0.0882753,p208461,k13212
208461,13346,0.000944914,p208461,k13346
208461,67537,0.225033,p208461,k67537
208461,74958,0.0691667,p208461,k74958
221245,284,0.351155,p221245,k284
221245,406,0.348904,p221245,k406
221245,492,0.430441,p221245,k492
221245,3792,0.411415,p221245,k3792
221245,6586,0.41892,p221245,k6586
221245,14199,0.335136,p221245,k14199
221245,14339,0.317708,p221245,k14339
221245,24948,0.319612,p221245,k24948
221245,48802,0.36519,p221245,k48802
224605,416,0.207396,p224605,k416
224605,8991,0.27724,p224605,k8991
224605,12142,0.363645,p224605,k12142
224605,13763,0.440421,p224605,k13763
224605,14586,0.368435,p224605,k14586
224605,24749,0.194342,p224605,k24749
224605,29027,0.155835,p224605,k29027
224605,33311,0.249742,p224605,k33311
224605,76711,0.203012,p224605,k76711
230160,17,0.424714,p230160,k17
230160,56,0.381235,p230160,k56
230160,207,0.372083,p230160,k207
230160,465,0.404209,p230160,k465
230160,722,0.401822,p230160,k722
230160,4816,0.46227,p230160,k4816
230160,5371,0.330754,p230160,k5371
230160,14199,0.386542,p230160,k14199
230160,29518,0.458991,p230160,k29518
234105,382,0.460112,p234105,k382
234105,420,0.319323,p234105,k420
234105,1598,0.352381,p234105,k1598
234105,3345,0.434867,p234105,k3345
234105,15864,0.437639,p234105,k15864
234105,23542,0.362165,p234105,k23542
234105,26472,0.316319,p234105,k26472
234105,61994,0.335961,p234105,k61994
234105,81287,0.333943,p234105,k81287
235611,212,0.260812,p235611,k212
235611,2412,0.26383,p235611,k2412
235611,5088,0.287328,p235611,k5088
235611,6436,0.304932,p235611,k6436
235611,8437,0.316612,p235611,k8437
235611,12069,0.23782,p235611,k12069
235611,33154,0.244826,p235611,k33154
235611,67347,0.32296,p235611,k67347
235611,75021,0.237283,p235611,k75021
245032,130,0.462586,p245032,k130
245032,391,0.319836,p245032,k391
245032,1253,0.320068,p245032,k1253
245032,5578,0.399107,p245032,k5578
245032,5954,0.355934,p245032,k5954
245032,9171,0.379191,p245032,k9171
245032,15007,0.32788,p245032,k15007
245032,22761,0.333949,p245032,k22761
245032,26731,0.289873,p245032,k26731
267417,214,0.340527,p267417,k214
267417,5197,0.000809024,p267417,k5197
267417,5252,0.000917393,p267417,k5252
267417,5942,0.00194807,p267417,k5942
267417,16499,0.29239,p267417,k16499
267417,23644,0.0060901,p267417,k23644
267417,30685,0.00396656,p267417,k30685
267417,49294,0.00315678,p267417,k49294
267417,60545,0.296693,p267417,k60545
269549,411,0.222481,p269549,k411
269549,425,0.445346,p269549,k425
269549,2053,0.252772,p269549,k2053
269549,3146,0.250228,p269549,k3146
269549,3251,0.293998,p269549,k3251
269549,13174,0.359064,p269549,k13174
269549,37069,0.00880211,p269549,k37069
269549,49837,0.253513,p269549,k49837
269549,51486,0.327598,p269549,k51486
277504,9,0.00776914,p277504,k9
277504,199,0.00285141,p277504,k199
277504,646,0.125685,p277504,k646
279207,207,0.408775,p279207,k207
279207,1947,0.460155,p279207,k1947
279207,4405,0.350083,p279207,k4405
279207,7687,0.599815,p279207,k7687
279207,8052,0.366064,p279207,k8052
279207,12571,0.4779,p279207,k12571
279207,26741,0.500805,p279207,k26741
279207,26828,0.516689,p279207,k26828
279207,45231,0.475602,p279207,k45231
287008,687,0.237028,p287008,k687
287008,1787,0.225842,p287008,k1787
287008,10435,0.343675,p287008,k10435
287008,11077,0.412236,p287008,k11077
287008,12669,0.227069,p287008,k12669
287008,15861,0.321367,p287008,k15861
287008,36163,0.0947435,p287008,k36163
287008,43285,0.425123,p287008,k43285
287008,61858,0.404827,p287008,k61858
301654,1127,0.00346572,p301654,k1127
301654,3276,0.502607,p301654,k3276
301654,6497,0.00152037,p301654,k6497
301654,16796,0.500923,p301654,k16796
301654,29431,0.543867,p301654,k29431
301654,40519,0.375018,p301654,k40519
309286,45,0.383565,p309286,k45
309286,76,0.399349,p309286,k76
309286,437,0.475662,p309286,k437
309286,1459,0.369286,p309286,k1459
309286,3262,0.391887,p309286,k3262
309286,3512,0.46482,p309286,k3512
309286,9430,0.475543,p309286,k9430
309286,10689,0.503025,p309286,k10689
309286,81723,0.569703,p309286,k81723
317670,332,0.241909,p317670,k332
317670,785,0.0690029,p317670,k785
317670,1095,0.110995,p317670,k1095
317670,3262,0.0858781,p317670,k3262
317670,4769,0.135521,p317670,k4769
317670,6074,0.288941,p317670,k6074
317670,16233,0.19186,p317670,k16233
317670,20321,0.138882,p317670,k20321
317670,28535,0.00725141,p317670,k28535
318662,122,0.00469403,p318662,k122
318662,1710,0.409524,p318662,k1710
318662,2788,0.239746,p318662,k2788
318662,4478,0.00253541,p318662,k4478
318662,7114,0.497612,p318662,k7114
318662,7190,0.00314063,p318662,k7190
318662,23644,0.00605904,p318662,k23644
318662,52905,0.00264163,p318662,k52905
318662,69894,0.31472,p318662,k69894
361876,46,0.447425,p361876,k46
361876,122,0.00434593,p361876,k122
361876,1583,0.393884,p361876,k1583
361876,1729,0.00499916,p361876,k1729
361876,2602,0.452649,p361876,k2602
361876,2778,0.263271,p361876,k2778
361876,6770,0.427515,p361876,k6770
361876,35389,0.433859,p361876,k35389
361876,52603,0.319472,p361876,k52603
368576,78,0.300772,p368576,k78
368576,640,0.00522237,p368576,k640
368576,722,0.241832,p368576,k722
368576,1422,0.320477,p368576,k1422
368576,3123,0.355182,p368576,k3123
368576,5513,0.231047,p368576,k5513
368576,6799,0.173454,p368576,k6799
368576,8429,0.172569,p368576,k8429
368576,8729,0.183876,p368576,k8729
380549,29,0.387949,p380549,k29
380549,1044,0.336037,p380549,k1044
380549,2414,0.00840711,p380549,k2414
380549,10101,0.00308429,p380549,k10101
380549,17760,0.00494747,p380549,k17760
380549,17790,0.00405796,p380549,k17790
380549,20304,0.00424164,p380549,k20304
380549,33710,0.00243661,p380549,k33710
380549,62461,0.263121,p380549,k62461
403312,2886,0.0042839,p403312,k2886
403312,6436,0.348737,p403312,k6436
403312,6605,0.00516638,p403312,k6605
403312,8052,0.396133,p403312,k8052
403312,9958,0.282098,p403312,k9958
403312,31015,0.38695,p403312,k31015
403312,35545,0.00445759,p403312,k35545
403312,37173,0.00560364,p403312,k37173
403312,67273,0.322286,p403312,k67273
405070,199,0.00195961,p405070,k199
405070,4167,0.119603,p405070,k4167
405070,7096,0.00766865,p405070,k7096
405070,9918,0.00205236,p405070,k9918
405070,19263,0.00335698,p405070,k19263
405070,20075,0.0017266,p405070,k20075
405070,33296,0.314423,p405070,k33296
405070,38636,0.00247048,p405070,k38636
405070,78196,0.00352486,p405070,k78196
421218,1435,0.367921,p421218,k1435
421218,3702,0.28191,p421218,k3702
421218,5341,0.416695,p421218,k5341
421218,14614,0.294595,p421218,k14614
421218,15264,0.00411446,p421218,k15264
421218,21326,0.197365,p421218,k21326
421218,23457,0.00577329,p421218,k23457
421218,50685,0.259698,p421218,k50685
421218,56609,0.0746035,p421218,k56609
442490,1037,0.25009,p442490,k1037
442490,4764,0.38564,p442490,k4764
442490,6278,0.339248,p442490,k6278
442490,6766,0.332345,p442490,k6766
442490,11437,0.174535,p442490,k11437
442490,16524,0.548487,p442490,k16524
442490,18532,0.328761,p442490,k18532
442490,35143,0.244597,p442490,k35143
442490,58462,0.362128,p442490,k58462
476394,574,0.201305,p476394,k574
476394,2584,0.171131,p476394,k2584
476394,3682,0.144126,p476394,k3682
476394,3699,0.242919,p476394,k3699
476394,4047,0.014435,p476394,k4047
476394,5210,0.172246,p476394,k5210
476394,22569,0.0965446,p476394,k22569
476394,32724,0.230772,p476394,k32724
476394,74041,0.00347553,p476394,k74041
478671,0,0.00936713,p478671,k0
478671,122,0.00442655,p478671,k122
478671,640,0.00586574,p478671,k640
478671,1463,0.567477,p478671,k1463
478671,1528,0.612894,p478671,k1528
478671,1675,0.378034,p478671,k1675
478671,2953,0.257517,p478671,k2953
478671,3262,0.383646,p478671,k3262
478671,17095,0.278955,p478671,k17095
493721,214,0.247802,p493721,k214
493721,2540,0.230649,p493721,k2540
493721,2680,0.436017,p493721,k2680
493721,7227,0.247599,p493721,k7227
493721,24852,0.465883,p493721,k24852
493721,31676,0.29386,p493721,k31676
493721,53475,0.388956,p493721,k53475
493721,60259,0.160356,p493721,k60259
493721,63978,0.203971,p493721,k63978
506101,976,0.506029,p506101,k976
506101,1197,0.525913,p506101,k1197
506101,4627,0.328813,p506101,k4627
506101,6362,0.0629306,p506101,k6362
506101,6491,0.319547,p506101,k6491
506101,9704,0.306349,p506101,k9704
506101,38925,0.324692,p506101,k38925
506101,57560,0.329564,p506101,k57560
506101,78512,0.223629,p506101,k78512
516995,141,0.271729,p516995,k141
516995,304,0.119089,p516995,k304
516995,1684,0.0633131,p516995,k1684
516995,2838,0.205741,p516995,k2838
516995,3666,0.12749,p516995,k3666
516995,4601,0.204333,p516995,k4601
516995,11398,0.384146,p516995,k11398
516995,25066,0.258478,p516995,k25066
516995,46859,0.319597,p516995,k46859
518119,879,0.00657458,p518119,k879
518119,1219,0.260364,p518119,k1219
518119,1906,0.393021,p518119,k1906
518119,1947,0.352577,p518119,k1947
518119,2316,0.398992,p518119,k2316
518119,5760,0.414439,p518119,k5760
518119,11079,0.292752,p518119,k11079
518119,15411,0.352497,p518119,k15411
518119,27470,0.00483871,p518119,k27470
520826,671,0.341037,p520826,k671
520826,1346,0.209038,p520826,k1346
520826,1849,0.0063856,p520826,k1849
520826,5055,0.268533,p520826,k5055
520826,10186,0.303363,p520826,k10186
520826,11740,0.258126,p520826,k11740
520826,21375,0.395834,p520826,k21375
520826,21547,0.281102,p520826,k21547
520826,49651,0.268892,p520826,k49651
554285,263,0.00126195,p554285,k263
554285,1937,0.00461403,p554285,k1937
554285,3788,0.00707684,p554285,k3788
554285,7060,0.00740367,p554285,k7060
554285,7165,0.00112913,p554285,k7165
554285,11010,0.0131567,p554285,k11010
554285,24828,0.00136173,p554285,k24828
554285,43134,0.00744519,p554285,k43134
554285,61744,0.00106319,p554285,k61744
556334,44,0.269989,p556334,k44
556334,2850,0.345331,p556334,k2850
556334,4008,0.584701,p556334,k4008
556334,4725,0.287361,p556334,k4725
556334,8991,0.172288,p556334,k8991
556334,12401,0.299719,p556334,k12401
556334,18379,0.298347,p556334,k18379
556334,22384,0.209848,p556334,k22384
556334,75271,0.582117,p556334,k75271
592020,1502,0.290504,p592020,k1502
592020,2589,0.004917,p592020,k2589
592020,9381,0.00795096,p592020,k9381
592020,24625,0.228687,p592020,k24625
592020,24718,0.39647,p592020,k24718
592020,43794,0.311832,p592020,k43794
592020,46042,0.34797,p592020,k46042
592020,78071,0.369457,p592020,k78071
592020,78323,0.54554,p592020,k78323
606208,80,0.437827,p606208,k80
606208,594,0.0029801,p606208,k594
606208,1726,0.209045,p606208,k1726
606208,3560,0.158483,p606208,k3560
606208,6481,0.0764917,p606208,k6481
606208,10199,0.247317,p606208,k10199
606208,11923,0.285345,p606208,k11923
606208,21214,0.211299,p606208,k21214
606208,23888,0.00299419,p606208,k23888
631426,26,0.282033,p631426,k26
631426,2266,0.337568,p631426,k2266
631426,2295,0.0828456,p631426,k2295
631426,7652,0.083496,p631426,k7652
631426,13553,0.12561,p631426,k13553
631426,14058,0.274543,p631426,k14058
631426,18505,0.00660411,p631426,k18505
631426,37328,0.00847114,p631426,k37328
631426,38456,0.0706486,p631426,k38456
634705,525,0.399692,p634705,k525
634705,2200,0.163149,p634705,k2200
634705,2358,0.146807,p634705,k2358
634705,2767,0.207967,p634705,k2767
634705,7729,0.242757,p634705,k7729
634705,28338,0.23428,p634705,k28338
634705,33254,0.319571,p634705,k33254
634705,35153,0.198344,p634705,k35153
634705,69482,0.474044,p634705,k69482
636652,101,0.492026,p636652,k101
636652,1906,0.582411,p636652,k1906
636652,5995,0.501493,p636652,k5995
636652,9823,0.554905,p636652,k9823
636652,15007,0.518039,p636652,k15007
636652,16626,0.224126,p636652,k16626
636652,22537,0.312849,p636652,k22537
636652,24469,0.361114,p636652,k24469
636652,30376,0.31064,p636652,k30376
637249,308,0.205083,p637249,k308
637249,5235,0.409902,p637249,k5235
637249,6281,0.0771254,p637249,k6281
637249,16629,0.27418,p637249,k16629
637249,18500,0.0748367,p637249,k18500
637249,24751,0.00679181,p637249,k24751
637249,54596,0.322343,p637249,k54596
637249,64921,0.0960892,p637249,k64921
637249,65049,0.181089,p637249,k65049
649244,199,0.00318396,p649244,k199
649244,1017,0.343697,p649244,k1017
649244,3524,0.290462,p649244,k3524
649244,11395,0.00388333,p649244,k11395
649244,15113,0.00787787,p649244,k15113
649244,31183,0.302866,p649244,k31183
649244,35592,0.171606,p649244,k35592
649244,36485,0.37417,p649244,k36485
649244,61873,0.231168,p649244,k61873
659821,214,0.286309,p659821,k214
659821,1630,0.00136847,p659821,k1630
659821,4887,0.227873,p659821,k4887
659821,5271,0.00145755,p659821,k5271
659821,11085,0.00067374,p659821,k11085
659821,15411,0.454799,p659821,k15411
659821,18518,0.00108816,p659821,k18518
659821,27434,0.00156155,p659821,k27434
659821,33522,0.000915097,p659821,k33522
706544,29,0.243522,p706544,k29
706544,405,0.166357,p706544,k405
706544,494,0.230737,p706544,k494
706544,1750,0.380481,p706544,k1750
706544,2965,0.289511,p706544,k2965
706544,5221,0.405915,p706544,k5221
706544,9750,0.222424,p706544,k9750
706544,41103,0.198535,p706544,k41103
706544,41378,0.229444,p706544,k41378
736319,119,0.463854,p736319,k119
736319,3682,0.327265,p736319,k3682
736319,4111,0.469515,p736319,k4111
736319,6434,0.457521,p736319,k6434
736319,10271,0.572606,p736319,k10271
736319,22458,0.371844,p736319,k22458
736319,33254,0.340407,p736319,k33254
736319,52291,0.325062,p736319,k52291
736319,74823,0.268125,p736319,k74823
755599,2026,0.38974,p755599,k2026
755599,4727,0.00665065,p755599,k4727
755599,5088,0.0725351,p755599,k5088
755599,5406,0.223153,p755599,k5406
755599,5689,0.00199148,p755599,k5689
755599,6262,0.00267787,p755599,k6262
755599,12912,0.350767,p755599,k12912
755599,15308,0.357568,p755599,k15308
755599,67417,0.0706408,p755599,k67417
770871,122,9.45592E-05,p770871,k122
770871,702,0.273335,p770871,k702
770871,12359,0.308199,p770871,k12359
770871,17760,0.000246634,p770871,k17760
770871,19096,0.278313,p770871,k19096
770871,19140,0.000833053,p770871,k19140
770871,34137,0.25204,p770871,k34137
770871,46199,0.284888,p770871,k46199
770871,61163,0.430778,p770871,k61163
777162,507,0.290318,p777162,k507
777162,693,0.344052,p777162,k693
777162,2735,0.463483,p777162,k2735
777162,6850,0.299231,p777162,k6850
777162,8539,0.447785,p777162,k8539
777162,26669,0.370693,p777162,k26669
777162,26993,0.369948,p777162,k26993
777162,44844,0.55241,p777162,k44844
777162,50800,0.347396,p777162,k50800
780449,789,0.0807713,p780449,k789
780449,2357,0.101921,p780449,k2357
780449,2953,0.0686411,p780449,k2953
780449,3909,0.0858232,p780449,k3909
780449,4079,0.11507,p780449,k4079
780449,4840,0.29774,p780449,k4840
780449,12899,0.182355,p780449,k12899
780449,23708,0.0536237,p780449,k23708
780449,36441,0.0456528,p780449,k36441
788209,587,0.000849089,p788209,k587
788209,600,0.00205196,p788209,k600
788209,4870,0.00113095,p788209,k4870
788209,5193,0.383922,p788209,k5193
788209,11249,0.154976,p788209,k11249
788209,12844,0.166396,p788209,k12844
788209,20383,0.316752,p788209,k20383
788209,42592,0.206018,p788209,k42592
788209,50398,0.00401714,p788209,k50398
791572,509,0.290148,p791572,k509
791572,2555,0.00923574,p791572,k2555
791572,2572,0.229395,p791572,k2572
791572,6621,0.163887,p791572,k6621
791572,12108,0.2119,p791572,k12108
791572,25456,0.289909,p791572,k25456
791572,29483,0.00457999,p791572,k29483
791572,29659,0.27158,p791572,k29659
791572,78512,0.228162,p791572,k78512
800331,2107,0.303817,p800331,k2107
800331,7429,0.296199,p800331,k7429
800331,11735,0.468129,p800331,k11735
800331,13121,0.21383,p800331,k13121
800331,26363,0.320534,p800331,k26363
800331,48088,0.602172,p800331,k48088
800331,57370,0.52635,p800331,k57370
800331,58624,0.349747,p800331,k58624
800331,63110,0.287738,p800331,k63110
833668,867,0.143684,p833668,k867
833668,2412,0.144469,p833668,k2412
833668,3786,0.191257,p833668,k3786
833668,6618,0.163434,p833668,k6618
833668,13381,0.171786,p833668,k13381
833668,30226,0.00480937,p833668,k30226
833668,47183,0.242328,p833668,k47183
833668,47840,0.354112,p833668,k47840
833668,82888,0.133675,p833668,k82888
839768,692,0.344101,p839768,k692
839768,1832,0.0999479,p839768,k1832
839768,3975,0.0518029,p839768,k3975
839768,5445,0.0608291,p839768,k5445
839768,6101,0.113416,p839768,k6101
839768,6766,0.106148,p839768,k6766
839768,31351,0.149893,p839768,k31351
839768,36694,0.0315645,p839768,k36694
839768,72978,0.0250469,p839768,k72978
851276,291,0.00386341,p851276,k291
851276,1940,0.0076644,p851276,k1940
851276,3546,0.302033,p851276,k3546
851276,4935,0.151151,p851276,k4935
851276,9734,0.00518076,p851276,k9734
851276,15717,0.441201,p851276,k15717
851276,16314,0.139346,p851276,k16314
851276,20617,0.293164,p851276,k20617
851276,27596,0.234471,p851276,k27596
854284,2414,0.0050732,p854284,k2414
854284,5201,0.00483238,p854284,k5201
854284,10205,0.275867,p854284,k10205
854284,14199,0.273927,p854284,k14199
854284,23997,0.210245,p854284,k23997
854284,52745,0.00257956,p854284,k52745
854284,52799,0.00310246,p854284,k52799
854284,60250,0.266753,p854284,k60250
854284,62533,0.366286,p854284,k62533
858786,3282,0.0013732,p858786,k3282
858786,4867,0.00157359,p858786,k4867
858786,5491,0.349486,p858786,k5491
858786,5956,0.280954,p858786,k5956
858786,7197,0.513008,p858786,k7197
858786,9219,0.000543087,p858786,k9219
858786,15022,0.00542496,p858786,k15022
858786,52969,0.001745,p858786,k52969
858786,69253,0.432106,p858786,k69253
872221,2026,0.528278,p872221,k2026
872221,3065,0.00339241,p872221,k3065
872221,13999,0.00414436,p872221,k13999
872221,14590,0.272182,p872221,k14590
872221,14666,0.0115303,p872221,k14666
872221,18074,0.605475,p872221,k18074
872221,20059,0.275221,p872221,k20059
872221,38494,0.291775,p872221,k38494
872221,63705,0.428191,p872221,k63705
907471,4167,0.16382,p907471,k4167
907471,4574,0.394747,p907471,k4574
907471,4578,0.00154946,p907471,k4578
907471,10675,0.00557288,p907471,k10675
907471,13104,0.23776,p907471,k13104
907471,20075,0.00159374,p907471,k20075
907471,21424,0.00325449,p907471,k21424
907471,39836,0.327379,p907471,k39836
907471,60279,0.0923807,p907471,k60279
917487,2309,0.00206441,p917487,k2309
917487,14491,0.00163092,p917487,k14491
917487,21420,0.00183348,p917487,k21420
917487,28828,0.00920905,p917487,k28828
917503,817,0.00331485,p917503,k817
917503,1504,0.394637,p917503,k1504
917503,6953,0.00279632,p917503,k6953
917503,10735,0.523483,p917503,k10735
917503,13668,0.44846,p917503,k13668
917503,18539,0.00122277,p917503,k18539
917503,19656,0.506267,p917503,k19656
917503,27432,0.00148879,p917503,k27432
917503,33381,0.468497,p917503,k33381
938295,652,0.400433,p938295,k652
938295,2701,0.143921,p938295,k2701
938295,3511,0.383185,p938295,k3511
938295,11117,0.541096,p938295,k11117
938295,12844,0.347453,p938295,k12844
938295,19640,0.356672,p938295,k19640
938295,23709,0.181514,p938295,k23709
938295,33631,0.162198,p938295,k33631
938295,49132,0.292033,p938295,k49132
960032,490,0.00686001,p960032,k490
960032,2134,0.00358709,p960032,k2134
960032,4478,0.00354668,p960032,k4478
960032,6258,0.00275313,p960032,k6258
960032,8251,0.000437331,p960032,k8251
960032,9288,0.00600665,p960032,k9288
960032,21672,0.642322,p960032,k21672
960032,35022,0.00159905,p960032,k35022
964845,301,0.366391,p964845,k301
964845,727,0.0128513,p964845,k727
964845,2507,0.469994,p964845,k2507
964845,7100,0.015391,p964845,k7100
964845,16197,0.0105586,p964845,k16197
964845,38227,0.660048,p964845,k38227
964845,47232,0.333196,p964845,k47232
964845,61466,0.427052,p964845,k61466
964845,67654,0.319029,p964845,k67654
968023,3774,0.37057,p968023,k3774
968023,8729,0.0539087,p968023,k8729
968023,8867,0.152672,p968023,k8867
968023,11586,0.272629,p968023,k11586
968023,13107,0.53745,p968023,k13107
968023,14837,0.0217367,p968023,k14837
968023,22879,0.370884,p968023,k22879
968023,42480,0.161235,p968023,k42480
968023,63206,0.0763555,p968023,k63206
972044,56,0.300203,p972044,k56
972044,174,0.153674,p972044,k174
972044,4142,0.180402,p972044,k4142
972044,5532,0.219694,p972044,k5532
972044,6353,0.283253,p972044,k6353
972044,11734,0.358003,p972044,k11734
972044,15050,0.341355,p972044,k15050
972044,21360,0.233902,p972044,k21360
972044,30771,0.264873,p972044,k30771
997982,530,0.00177076,p997982,k530
997982,1832,0.215168,p997982,k1832
997982,3178,0.00162793,p997982,k3178
997982,4578,0.00279748,p997982,k4578
997982,7172,0.279437,p997982,k7172
997982,14817,0.169989,p997982,k14817
997982,38400,0.154031,p997982,k38400
997982,44424,0.393454,p997982,k44424
997982,69938,0.0024178,p997982,k69938
1032261,9916,0.27421,p1032261,k9916
1032261,11643,0.318937,p1032261,k11643
1032261,18379,0.17423,p1032261,k18379
1032261,20639,0.25801,p1032261,k20639
1032261,21214,0.217722,p1032261,k21214
1032261,21360,0.253622,p1032261,k21360
1032261,25648,0.275498,p1032261,k25648
1032261,32941,0.362943,p1032261,k32941
1032261,80395,0.260614,p1032261,k80395
1032800,401,0.191743,p1032800,k401
1032800,1514,0.29115,p1032800,k1514
1032800,8263,0.276599,p1032800,k8263
1032800,8621,0.347896,p1032800,k8621
1032800,8661,0.254374,p1032800,k8661
1032800,14166,0.269864,p1032800,k14166
1032800,15657,0.4843,p1032800,k15657
1032800,50260,0.263847,p1032800,k50260
1032800,51190,0.248478,p1032800,k51190
1037598,26,0.602483,p1037598,k26
1037598,448,0.00406868,p1037598,k448
1037598,522,0.00704105,p1037598,k522
1037598,5437,0.00551791,p1037598,k5437
1037598,7044,0.0041601,p1037598,k7044
1037598,21337,0.00780252,p1037598,k21337
1037598,28811,0.434251,p1037598,k28811
1072239,693,0.610161,p1072239,k693
1072239,935,0.333921,p1072239,k935
1072239,4098,0.218521,p1072239,k4098
1072239,5271,0.00143169,p1072239,k5271
1072239,6055,0.586776,p1072239,k6055
1072239,6238,0.00812886,p1072239,k6238
1072239,22467,0.00529046,p1072239,k22467
1072239,23916,0.629272,p1072239,k23916
1072239,38541,0.00250334,p1072239,k38541
1078805,95,0.461743,p1078805,k95
1078805,2100,0.562516,p1078805,k2100
1078805,22641,0.530424,p1078805,k22641
1078805,28944,0.56829,p1078805,k28944
1078805,30303,0.244987,p1078805,k30303
1078805,44139,0.427185,p1078805,k44139
1078805,49709,0.308136,p1078805,k49709
1078805,60447,0.360637,p1078805,k60447
1078805,75141,0.343871,p1078805,k75141
1083924,63,0.361515,p1083924,k63
1083924,5689,0.00741279,p1083924,k5689
1083924,8335,0.542799,p1083924,k8335
1083924,8646,0.000458997,p1083924,k8646
1083924,16376,0.27154,p1083924,k16376
1083924,16938,0.390165,p1083924,k16938
1083924,25987,0.354482,p1083924,k25987
1083924,30685,0.00212109,p1083924,k30685
1089315,702,0.189022,p1089315,k702
1089315,1102,0.47571,p1089315,k1102
1089315,2953,0.211149,p1089315,k2953
1089315,4714,0.462251,p1089315,k4714
1089315,6756,0.248138,p1089315,k6756
1089315,10024,0.0448488,p1089315,k10024
1089315,18872,0.0301427,p1089315,k18872
1089315,32877,0.114096,p1089315,k32877
1089315,75302,0.298001,p1089315,k75302
1107217,294,0.326487,p1107217,k294
1107217,881,0.251742,p1107217,k881
1107217,6957,0.241734,p1107217,k6957
1107217,14495,0.259304,p1107217,k14495
1107217,15866,0.267502,p1107217,k15866
1107217,24899,0.273023,p1107217,k24899
1107217,30229,0.362567,p1107217,k30229
1107217,63632,0.320742,p1107217,k63632
1107217,76039,0.190664,p1107217,k76039
1112477,9710,0.320178,p1112477,k9710
1112477,10637,0.309571,p1112477,k10637
1112477,21841,0.225758,p1112477,k21841
1112477,24803,0.266867,p1112477,k24803
1112477,27735,0.232914,p1112477,k27735
1112477,31429,0.280552,p1112477,k31429
1112477,37191,0.286724,p1112477,k37191
1112477,53332,0.222563,p1112477,k53332
1112477,57053,0.392549,p1112477,k57053
1114769,122,0.00567372,p1114769,k122
1114769,393,0.644382,p1114769,k393
1114769,1619,0.328879,p1114769,k1619
1114769,15383,0.233204,p1114769,k15383
1114769,17041,0.00485892,p1114769,k17041
1114769,19259,0.00765628,p1114769,k19259
1114769,27346,0.292984,p1114769,k27346
1114769,30949,0.42251,p1114769,k30949
1114769,70424,0.448595,p1114769,k70424
1119758,574,0.331796,p1119758,k574
1119758,1619,0.351464,p1119758,k1619
1119758,1911,0.372655,p1119758,k1911
1119758,8141,0.305883,p1119758,k8141
1119758,8892,0.421349,p1119758,k8892
1119758,11643,0.465062,p1119758,k11643
1119758,13124,0.337487,p1119758,k13124
1119758,43504,0.310541,p1119758,k43504
1119758,49859,0.355372,p1119758,k49859
1123419,4167,0.383826,p1123419,k4167
1123419,7681,0.289267,p1123419,k7681
1123419,8273,0.399689,p1123419,k8273
1123419,9795,0.434781,p1123419,k9795
1123419,10024,0.358134,p1123419,k10024
1123419,15065,0.359122,p1123419,k15065
1123419,28768,0.41934,p1123419,k28768
1123419,73064,0.515139,p1123419,k73064
1123419,80176,0.258126,p1123419,k80176
1132801,115,0.19139,p1132801,k115
1132801,7262,0.13149,p1132801,k7262
1132801,11740,0.212809,p1132801,k11740
1132801,15065,0.390437,p1132801,k15065
1132801,16520,0.122837,p1132801,k16520
1132801,25084,0.215658,p1132801,k25084
1132801,25479,0.357483,p1132801,k25479
1132801,53109,0.172573,p1132801,k53109
1132801,55252,0.326448,p1132801,k55252
1133003,872,0.464552,p1133003,k872
1133003,2753,0.500986,p1133003,k2753
1133003,5319,0.00538177,p1133003,k5319
1133003,8574,0.0044805,p1133003,k8574
1133003,11582,0.00437678,p1133003,k11582
1133003,25266,0.00437275,p1133003,k25266
1133003,31566,0.00743971,p1133003,k31566
1133003,42894,0.242822,p1133003,k42894
1133003,54534,0.326072,p1133003,k54534
1152574,22,0.258321,p1152574,k22
1152574,68,0.195632,p1152574,k68
1152574,294,0.336145,p1152574,k294
1152574,1212,0.169786,p1152574,k1212
1152574,8406,0.144282,p1152574,k8406
1152574,9404,0.220854,p1152574,k9404
1152574,17640,0.342997,p1152574,k17640
1152574,25020,0.434298,p1152574,k25020
1152574,30954,0.172741,p1152574,k30954
1153890,8443,0.0332751,p1153890,k8443
1153890,11072,0.0214866,p1153890,k11072
1153890,19140,-6.15903E-05,p1153890,k19140
1153890,20399,-5.40017E-06,p1153890,k20399
1153890,24751,0.00243104,p1153890,k24751
1153890,27031,0.0340131,p1153890,k27031
1153890,46478,0.0320792,p1153890,k46478
1153890,47724,0.0114818,p1153890,k47724
1153890,62226,0.0880622,p1153890,k62226
1185165,167,0.319213,p1185165,k167
1185165,202,0.410531,p1185165,k202
1185165,1017,0.285372,p1185165,k1017
1185165,2318,0.438986,p1185165,k2318
1185165,2531,0.285083,p1185165,k2531
1185165,4940,0.366503,p1185165,k4940
1185165,18772,0.417754,p1185165,k18772
1185165,48202,0.29237,p1185165,k48202
1185165,49147,0.365187,p1185165,k49147
1188017,4,0.493048,p1188017,k4
1188017,86,0.541753,p1188017,k86
1188017,695,0.5259,p1188017,k695
1188017,1343,0.401579,p1188017,k1343
1188017,2233,0.381433,p1188017,k2233
1188017,12502,0.468646,p1188017,k12502
1188017,12900,0.456874,p1188017,k12900
1188017,24106,0.574874,p1188017,k24106
1188017,40249,0.389802,p1188017,k40249
1221552,270,0.370619,p1221552,k270
1221552,273,0.157733,p1221552,k273
1221552,477,0.189218,p1221552,k477
1221552,1190,0.126682,p1221552,k1190
1221552,1413,0.296693,p1221552,k1413
1221552,6265,0.352672,p1221552,k6265
1221552,10153,0.169466,p1221552,k10153
1221552,17705,0.179259,p1221552,k17705
1221552,17928,0.337283,p1221552,k17928
1223409,2412,0.348666,p1223409,k2412
1223409,2756,0.435388,p1223409,k2756
1223409,9362,0.355795,p1223409,k9362
1223409,14970,0.367136,p1223409,k14970
1223409,25101,0.151386,p1223409,k25101
1223409,63174,0.526685,p1223409,k63174
1223409,63506,0.154367,p1223409,k63506
1223409,69540,0.531959,p1223409,k69540
1223409,75892,0.20013,p1223409,k75892
1225650,43,0.476672,p1225650,k43
1225650,189,0.00213484,p1225650,k189
1225650,675,0.00219569,p1225650,k675
1225650,1807,0.00171134,p1225650,k1807
1225650,2289,0.000595987,p1225650,k2289
1225650,5026,0.00271451,p1225650,k5026
1225650,14877,0.000919399,p1225650,k14877
1225650,25170,0.00155779,p1225650,k25170
1225650,44130,0.00244479,p1225650,k44130
1236440,2724,0.167089,p1236440,k2724
1236440,4578,0.00597564,p1236440,k4578
1236440,35306,0.263926,p1236440,k35306
1236440,46909,0.400621,p1236440,k46909
1248126,114,0.00230507,p1248126,k114
1248126,2875,0.00128035,p1248126,k2875
1248126,8250,0.001892,p1248126,k8250
1248126,14534,0.00288994,p1248126,k14534
1248126,23916,0.525962,p1248126,k23916
1279312,46,0.491911,p1279312,k46
1279312,122,0.0042836,p1279312,k122
1279312,235,0.463346,p1279312,k235
1279312,829,0.00559372,p1279312,k829
1279312,1561,0.488508,p1279312,k1561
1279312,9203,0.345867,p1279312,k9203
1279312,10187,0.25834,p1279312,k10187
1279312,12689,0.00555121,p1279312,k12689
1279312,80176,0.291496,p1279312,k80176
1299801,186,0.388245,p1299801,k186
1299801,564,0.00791239,p1299801,k564
1299801,1363,0.341681,p1299801,k1363
1299801,1710,0.502692,p1299801,k1710
1299801,5204,0.373554,p1299801,k5204
1299801,11072,0.255298,p1299801,k11072
1299801,12924,0.332579,p1299801,k12924
1299801,25126,0.423815,p1299801,k25126
1299801,34362,0.418601,p1299801,k34362
1307934,661,0.563907,p1307934,k661
1307934,684,0.489416,p1307934,k684
1307934,14321,0.281074,p1307934,k14321
1307934,26828,0.362088,p1307934,k26828
1307934,28338,0.180964,p1307934,k28338
1307934,35542,0.355634,p1307934,k35542
1307934,35699,0.122359,p1307934,k35699
1307934,65857,0.247735,p1307934,k65857
1307934,77367,0.453315,p1307934,k77367
1308093,17,0.379164,p1308093,k17
1308093,119,0.386779,p1308093,k119
1308093,950,0.291191,p1308093,k950
1308093,1503,0.347473,p1308093,k1503
1308093,5689,0.00751836,p1308093,k5689
1308093,9381,0.00707757,p1308093,k9381
1308093,18035,0.419876,p1308093,k18035
1308093,25126,0.40773,p1308093,k25126
1308093,64176,0.365561,p1308093,k64176
1311823,45,0.271832,p1311823,k45
1311823,624,0.00294384,p1311823,k624
1311823,993,0.425264,p1311823,k993
1311823,4191,0.00301095,p1311823,k4191
1311823,4621,0.478296,p1311823,k4621
1311823,6633,0.196394,p1311823,k6633
1311823,7400,0.589571,p1311823,k7400
1311823,11656,0.142338,p1311823,k11656
1311823,20304,0.00253981,p1311823,k20304
1318347,478,0.278192,p1318347,k478
1318347,1331,0.347919,p1318347,k1331
1318347,1786,0.491755,p1318347,k1786
1318347,6226,0.476456,p1318347,k6226
1318347,6230,0.359267,p1318347,k6230
1318347,8166,0.173791,p1318347,k8166
1318347,33154,0.254298,p1318347,k33154
1318347,43504,0.305178,p1318347,k43504
1318347,50292,0.172861,p1318347,k50292
1336860,118,0.383559,p1336860,k118
1336860,1703,0.438116,p1336860,k1703
1336860,2170,0.330991,p1336860,k2170
1336860,6103,0.313598,p1336860,k6103
1336860,7222,0.361567,p1336860,k7222
1336860,21149,0.469151,p1336860,k21149
1336860,21915,0.541179,p1336860,k21915
1336860,32818,0.325619,p1336860,k32818
1336860,71151,0.48957,p1336860,k71151
1350589,74,0.338514,p1350589,k74
1350589,8602,0.253593,p1350589,k8602
1350589,10188,0.309632,p1350589,k10188
1350589,20321,0.291302,p1350589,k20321
1350589,22459,0.232199,p1350589,k22459
1350589,26443,0.363816,p1350589,k26443
1350589,36481,0.276666,p1350589,k36481
1350589,46765,0.307156,p1350589,k46765
1350589,73734,0.334588,p1350589,k73734
1367335,83,0.223253,p1367335,k83
1367335,285,0.226695,p1367335,k285
1367335,2227,0.427326,p1367335,k2227
1367335,3780,0.271706,p1367335,k3780
1367335,12709,0.358364,p1367335,k12709
1367335,14665,0.215803,p1367335,k14665
1367335,14919,0.336542,p1367335,k14919
1367335,46316,0.371973,p1367335,k46316
1367335,61052,0.191961,p1367335,k61052
1375176,97,0.218753,p1375176,k97
1375176,122,0.00144278,p1375176,k122
1375176,879,0.000950884,p1375176,k879
1375176,5128,0.00207132,p1375176,k5128
1375176,11740,0.191614,p1375176,k11740
1375176,33400,0.0084085,p1375176,k33400
1375176,40003,0.109389,p1375176,k40003
1375176,49154,0.289409,p1375176,k49154
1375176,51224,0.046544,p1375176,k51224
1384677,22,0.0548017,p1384677,k22
1384677,322,0.318658,p1384677,k322
1384677,2689,0.503107,p1384677,k2689
1384677,5210,0.120662,p1384677,k5210
1384677,7864,0.156273,p1384677,k7864
1384677,8141,0.0890711,p1384677,k8141
1384677,11338,0.0635829,p1384677,k11338
1384677,13382,0.183879,p1384677,k13382
1384677,19330,0.426153,p1384677,k19330
1391546,2217,0.00701364,p1391546,k2217
1391546,2267,0.492894,p1391546,k2267
1391546,2788,0.303758,p1391546,k2788
1391546,4606,0.361289,p1391546,k4606
1391546,7227,0.258069,p1391546,k7227
1391546,8092,0.293541,p1391546,k8092
1391546,12355,0.00276516,p1391546,k12355
1391546,17790,0.00325939,p1391546,k17790
1391546,63062,0.00240367,p1391546,k63062
1426347,199,0.00312233,p1426347,k199
1426347,6847,0.000988652,p1426347,k6847
1426347,12885,0.366432,p1426347,k12885
1426347,22411,0.000691875,p1426347,k22411
1426347,27149,0.194283,p1426347,k27149
1449118,3831,0.171398,p1449118,k3831
1449118,4578,0.00464495,p1449118,k4578
1449118,5266,0.0071544,p1449118,k5266
1449118,8867,0.390989,p1449118,k8867
1449118,11257,0.00232142,p1449118,k11257
1449118,25112,0.00198932,p1449118,k25112
1449118,35874,0.00456996,p1449118,k35874
1449118,54566,0.00183329,p1449118,k54566
1449118,64870,0.00268254,p1449118,k64870
1458210,2183,0.486111,p1458210,k2183
1458210,3248,0.00775364,p1458210,k3248
1458210,7365,0.336417,p1458210,k7365
1458210,7870,0.00526128,p1458210,k7870
1458210,14023,0.194563,p1458210,k14023
1458210,25126,0.207597,p1458210,k25126
1458210,32827,0.169402,p1458210,k32827
1458210,40541,0.00538631,p1458210,k40541
1458210,55710,0.208631,p1458210,k55710
1497272,306,0.140256,p1497272,k306
1497272,1077,0.116219,p1497272,k1077
1497272,1336,0.270269,p1497272,k1336
1497272,5785,0.0561297,p1497272,k5785
1497272,11063,0.30975,p1497272,k11063
1497272,12295,0.289115,p1497272,k12295
1497272,15416,0.00587937,p1497272,k15416
1497272,22482,0.0999435,p1497272,k22482
1497272,29445,0.221004,p1497272,k29445
1505769,624,0.00203444,p1505769,k624
1505769,4396,0.00698155,p1505769,k4396
1505769,11166,0.26467,p1505769,k11166
1505769,26674,0.0806493,p1505769,k26674
1505769,26728,0.00104509,p1505769,k26728
1505769,32304,0.20117,p1505769,k32304
1505769,32613,0.00200983,p1505769,k32613
1505769,44489,0.000917057,p1505769,k44489
1505769,55700,0.00256119,p1505769,k55700
1519481,1299,0.310832,p1519481,k1299
1519481,2122,0.336311,p1519481,k2122
1519481,4677,0.153564,p1519481,k4677
1519481,6281,0.180789,p1519481,k6281
1519481,9000,0.416096,p1519481,k9000
1519481,10827,0.191987,p1519481,k10827
1519481,12177,0.14691,p1519481,k12177
1519481,28939,0.00442571,p1519481,k28939
1519481,59647,0.162398,p1519481,k59647
1523377,22,0.065207,p1523377,k22
1523377,100,0.0639789,p1523377,k100
1523377,1036,0.253553,p1523377,k1036
1523377,1942,0.286851,p1523377,k1942
1523377,4938,0.145349,p1523377,k4938
1523377,5210,0.124237,p1523377,k5210
1523377,15171,0.354498,p1523377,k15171
1523377,17681,0.299481,p1523377,k17681
1523377,38014,0.169869,p1523377,k38014
1527892,2636,0.287136,p1527892,k2636
1527892,2932,0.248161,p1527892,k2932
1527892,3599,0.271058,p1527892,k3599
1527892,9719,0.477585,p1527892,k9719
1527892,14587,0.264403,p1527892,k14587
1527892,19577,0.229104,p1527892,k19577
1527892,33995,0.324079,p1527892,k33995
1527892,66018,0.34889,p1527892,k66018
1527892,79530,0.381288,p1527892,k79530
1535236,28535,0.0127363,p1535236,k28535
1552158,2447,0.00913394,p1552158,k2447
1552158,4835,0.00057842,p1552158,k4835
1552158,8179,0.000198281,p1552158,k8179
1552158,12910,0.437647,p1552158,k12910
1552158,35245,0.000161625,p1552158,k35245
1552158,38531,0.00210556,p1552158,k38531
1552158,49994,0.143188,p1552158,k49994
1552158,52715,0.000154053,p1552158,k52715
1552158,63597,0.000346419,p1552158,k63597
1589048,3991,0.411582,p1589048,k3991
1589048,4111,0.483994,p1589048,k4111
1589048,8282,0.284662,p1589048,k8282
1589048,11125,0.36647,p1589048,k11125
1589048,15354,0.404549,p1589048,k15354
1589048,16950,0.488167,p1589048,k16950
1589048,24962,0.299686,p1589048,k24962
1589048,31319,0.573122,p1589048,k31319
1589048,31676,0.341846,p1589048,k31676
1600406,984,0.254914,p1600406,k984
1600406,1726,0.344117,p1600406,k1726
1600406,1993,0.241779,p1600406,k1993
1600406,12925,0.342812,p1600406,k12925
1600406,20784,0.537266,p1600406,k20784
1600406,44026,0.280044,p1600406,k44026
1600406,48312,0.33838,p1600406,k48312
1600406,54151,0.484692,p1600406,k54151
1600406,59312,0.249768,p1600406,k59312
1603757,390,0.333365,p1603757,k390
1603757,470,0.366246,p1603757,k470
1603757,1466,0.252858,p1603757,k1466
1603757,2042,0.329847,p1603757,k2042
1603757,2750,0.295747,p1603757,k2750
1603757,7733,0.249139,p1603757,k7733
1603757,14116,0.102553,p1603757,k14116
1603757,20346,0.00222548,p1603757,k20346
1603757,73792,0.348804,p1603757,k73792
1620941,29,0.263154,p1620941,k29
1620941,405,0.215247,p1620941,k405
1620941,918,0.268929,p1620941,k918
1620941,962,0.330678,p1620941,k962
1620941,1002,0.349694,p1620941,k1002
1620941,2065,0.283654,p1620941,k2065
1620941,5187,0.222304,p1620941,k5187
1620941,6849,0.389475,p1620941,k6849
1620941,21517,0.209056,p1620941,k21517
1627093,1194,0.00312936,p1627093,k1194
1627093,1245,0.537976,p1627093,k1245
1627093,5610,0.00447078,p1627093,k5610
1627093,20248,0.00310824,p1627093,k20248
1627093,22434,0.00926756,p1627093,k22434
1627093,24206,0.00726892,p1627093,k24206
1627093,52799,0.00262414,p1627093,k52799
1627093,58233,0.00397588,p1627093,k58233
1627093,73861,0.00675873,p1627093,k73861
1637905,411,0.325179,p1637905,k411
1637905,1726,0.38554,p1637905,k1726
1637905,1993,0.459927,p1637905,k1993
1637905,5385,0.325994,p1637905,k5385
1637905,10775,0.381727,p1637905,k10775
1637905,16233,0.370846,p1637905,k16233
1637905,36020,0.358019,p1637905,k36020
1637905,38815,0.457158,p1637905,k38815
1637905,77204,0.432165,p1637905,k77204
1662048,108,0.00508139,p1662048,k108
1662048,1283,0.000883077,p1662048,k1283
1662048,2121,0.527506,p1662048,k2121
1662048,9156,0.00200228,p1662048,k9156
1662048,9411,0.485497,p1662048,k9411
1662048,12885,0.602038,p1662048,k12885
1662048,16328,0.000700994,p1662048,k16328
1662048,30871,0.00146347,p1662048,k30871
1662048,35905,0.411637,p1662048,k35905
1667991,587,0.00181902,p1667991,k587
1667991,1463,0.31103,p1667991,k1463
1667991,2886,0.00338557,p1667991,k2886
1667991,6605,0.00405585,p1667991,k6605
1667991,9036,0.00253384,p1667991,k9036
1667991,9058,0.370056,p1667991,k9058
1667991,11396,0.390999,p1667991,k11396
1667991,11600,0.00369518,p1667991,k11600
1667991,43313,0.00583939,p1667991,k43313
1673282,52,0.246693,p1673282,k52
1673282,1475,0.422263,p1673282,k1475
1673282,1557,0.33265,p1673282,k1557
1673282,2664,0.3427,p1673282,k2664
1673282,11303,0.340367,p1673282,k11303
1673282,12142,0.340405,p1673282,k12142
1673282,14014,0.293685,p1673282,k14014
1673282,17200,0.449989,p1673282,k17200
1673282,19315,0.337703,p1673282,k19315
1675738,406,0.365614,p1675738,k406
1675738,1726,0.356971,p1675738,k1726
1675738,4090,0.340227,p1675738,k4090
1675738,7854,0.364467,p1675738,k7854
1675738,13693,0.427295,p1675738,k13693
1675738,14014,0.355889,p1675738,k14014
1675738,18700,0.395089,p1675738,k18700
1675738,30954,0.342219,p1675738,k30954
1675738,41248,0.392792,p1675738,k41248
1680008,679,0.251531,p1680008,k679
1680008,973,0.00377504,p1680008,k973
1680008,1993,0.319612,p1680008,k1993
1680008,2012,0.233811,p1680008,k2012
1680008,4662,0.366067,p1680008,k4662
1680008,5586,0.149462,p1680008,k5586
1680008,14242,0.00208211,p1680008,k14242
1680008,22762,0.173932,p1680008,k22762
1680008,30268,0.00437245,p1680008,k30268
1681560,4309,0.157356,p1681560,k4309
1681560,5832,0.281086,p1681560,k5832
1681560,6633,0.101759,p1681560,k6633
1681560,11923,0.371221,p1681560,k11923
1681560,25030,0.187531,p1681560,k25030
1681560,26977,0.264854,p1681560,k26977
1681560,28754,0.41239,p1681560,k28754
1681560,29741,0.225151,p1681560,k29741
1681560,49913,0.326313,p1681560,k49913
1681803,10371,0.0040028,p1681803,k10371
1681803,12894,0.269675,p1681803,k12894
1681803,14106,0.305097,p1681803,k14106
1681803,37980,0.470106,p1681803,k37980
1681803,47923,0.489519,p1681803,k47923
1688939,480,0.34757,p1688939,k480
1688939,504,0.243467,p1688939,k504
1688939,781,0.304523,p1688939,k781
1688939,1281,0.181915,p1688939,k1281
1688939,1532,0.454764,p1688939,k1532
1688939,1576,0.0806405,p1688939,k1576
1688939,6638,0.270044,p1688939,k6638
1688939,8692,0.0955618,p1688939,k8692
1688939,19753,0.352185,p1688939,k19753
1696712,1849,0.0037157,p1696712,k1849
1696712,5026,0.00274257,p1696712,k5026
1696712,5204,0.243316,p1696712,k5204
1696712,6605,0.00258795,p1696712,k6605
1696712,7504,0.288282,p1696712,k7504
1696712,11335,0.00258506,p1696712,k11335
1696712,21611,0.181924,p1696712,k21611
1696712,31606,0.00221627,p1696712,k31606
1696712,61362,0.252452,p1696712,k61362
1708722,1312,0.480701,p1708722,k1312
1708722,4828,0.388957,p1708722,k4828
1708722,12741,0.543837,p1708722,k12741
1708722,13656,0.312213,p1708722,k13656
1708722,21177,0.244611,p1708722,k21177
1708722,26269,0.331819,p1708722,k26269
1708722,46491,0.404597,p1708722,k46491
1708722,55018,0.22544,p1708722,k55018
1708722,65004,0.320993,p1708722,k65004
1709540,23,0.376678,p1709540,k23
1709540,9171,0.559415,p1709540,k9171
1709540,12069,0.338894,p1709540,k12069
1709540,13999,0.00708158,p1709540,k13999
1709540,28338,0.311546,p1709540,k28338
1709540,35981,0.258277,p1709540,k35981
1709540,42952,0.38058,p1709540,k42952
1709540,43863,0.00964093,p1709540,k43863
1709540,62248,0.356616,p1709540,k62248
1730010,214,0.409137,p1730010,k214
1730010,1785,0.535054,p1730010,k1785
1730010,2433,0.496307,p1730010,k2433
1730010,3064,0.346195,p1730010,k3064
1730010,3523,0.344266,p1730010,k3523
1730010,11493,0.30572,p1730010,k11493
1730010,32189,0.324005,p1730010,k32189
1730010,37247,0.4372,p1730010,k37247
1730010,50260,0.326847,p1730010,k50260
1733433,448,0.00274224,p1733433,k448
1733433,5412,0.00510423,p1733433,k5412
1733433,11251,0.263598,p1733433,k11251
1733433,19392,0.002373,p1733433,k19392
1733433,23793,0.336043,p1733433,k23793
1733433,25191,0.483166,p1733433,k25191
1733433,30685,0.00438837,p1733433,k30685
1733433,38660,0.205586,p1733433,k38660
1733433,55986,0.365021,p1733433,k55986
1748331,5,0.620048,p1748331,k5
1748331,461,0.232615,p1748331,k461
1748331,1591,0.138981,p1748331,k1591
1748331,2057,0.347462,p1748331,k2057
1748331,11381,0.294919,p1748331,k11381
1748331,25985,0.25115,p1748331,k25985
1748331,26673,0.277801,p1748331,k26673
1748331,40780,0.373539,p1748331,k40780
1748331,76750,0.119332,p1748331,k76750
1771957,519,0.00554271,p1771957,k519
1771957,3523,0.18116,p1771957,k3523
1771957,4398,0.00124237,p1771957,k4398
1771957,8574,0.00318824,p1771957,k8574
1771957,8646,0.000939054,p1771957,k8646
1771957,9278,0.0085076,p1771957,k9278
1771957,33040,0.00171987,p1771957,k33040
1771957,52060,0.00200156,p1771957,k52060
1771957,75556,0.00397863,p1771957,k75556
1779412,394,0.468374,p1779412,k394
1779412,1418,0.0080764,p1779412,k1418
1779412,3682,0.214494,p1779412,k3682
1779412,4648,0.312934,p1779412,k4648
1779412,5723,0.48826,p1779412,k5723
1779412,15652,0.537502,p1779412,k15652
1779412,23392,0.440556,p1779412,k23392
1779412,26718,0.23587,p1779412,k26718
1779412,35534,0.581428,p1779412,k35534
1788602,548,0.00315436,p1788602,k548
1788602,554,0.00314563,p1788602,k554
1788602,2940,0.5346,p1788602,k2940
1788602,3382,0.229757,p1788602,k3382
1788602,3543,0.00290408,p1788602,k3543
1788602,16599,0.00197096,p1788602,k16599
1788602,21640,0.00111859,p1788602,k21640
1788602,33753,0.00532324,p1788602,k33753
1788602,70057,0.504918,p1788602,k70057
1793755,395,0.340757,p1793755,k395
1793755,1258,0.326347,p1793755,k1258
1793755,1284,0.390112,p1793755,k1284
1793755,11949,0.308227,p1793755,k11949
1793755,12377,0.321295,p1793755,k12377
1793755,13693,0.397904,p1793755,k13693
1793755,16247,0.346627,p1793755,k16247
1793755,17417,0.354715,p1793755,k17417
1793755,18852,0.327151,p1793755,k18852
1795725,495,0.27176,p1795725,k495
1795725,940,0.00436554,p1795725,k940
1795725,1630,0.000868033,p1795725,k1630
1795725,5026,0.00287805,p1795725,k5026
1795725,11600,0.00146516,p1795725,k11600
1795725,20233,0.207699,p1795725,k20233
1795725,36449,0.517833,p1795725,k36449
1795725,47514,0.00135468,p1795725,k47514
1795725,52984,0.00038451,p1795725,k52984
1805222,258,0.278304,p1805222,k258
1805222,1870,0.0549836,p1805222,k1870
1805222,7479,0.177863,p1805222,k7479
1805222,11528,0.301509,p1805222,k11528
1805222,14552,0.374038,p1805222,k14552
1805222,17972,0.0370409,p1805222,k17972
1805222,18566,0.181527,p1805222,k18566
1805222,18700,0.248209,p1805222,k18700
1805222,38359,0.0952905,p1805222,k38359
1849638,58,0.309775,p1849638,k58
1849638,561,0.324752,p1849638,k561
1849638,1728,0.264882,p1849638,k1728
1849638,2318,0.384896,p1849638,k2318
1849638,3013,0.436829,p1849638,k3013
1849638,3070,0.376518,p1849638,k3070
1849638,9704,0.29303,p1849638,k9704
1849638,48202,0.300403,p1849638,k48202
1849638,78324,0.350444,p1849638,k78324
1850547,576,0.652687,p1850547,k576
1850547,888,0.558977,p1850547,k888
1850547,6105,0.150662,p1850547,k6105
1850547,25010,0.285075,p1850547,k25010
1850547,27283,0.269199,p1850547,k27283
1850547,48885,0.314577,p1850547,k48885
1850547,62714,0.11522,p1850547,k62714
1850547,77778,0.673239,p1850547,k77778
1850547,80176,0.123727,p1850547,k80176
1864419,269,0.225359,p1864419,k269
1864419,1050,0.170578,p1864419,k1050
1864419,1314,0.277496,p1864419,k1314
1864419,2170,0.253687,p1864419,k2170
1864419,4047,0.166724,p1864419,k4047
1864419,6567,0.352866,p1864419,k6567
1864419,41219,0.283591,p1864419,k41219
1864419,64559,0.189949,p1864419,k64559
1864419,74457,0.183857,p1864419,k74457
1867853,3990,0.270308,p1867853,k3990
1867853,9209,0.328662,p1867853,k9209
1867853,14289,0.313985,p1867853,k14289
1867853,17200,0.408709,p1867853,k17200
1867853,34949,0.250806,p1867853,k34949
1867853,40123,0.310944,p1867853,k40123
1867853,40500,0.341697,p1867853,k40500
1867853,60279,0.242766,p1867853,k60279
1867853,78119,0.289727,p1867853,k78119
1878506,870,0.347411,p1878506,k870
1878506,3599,0.427612,p1878506,k3599
1878506,11449,0.41385,p1878506,k11449
1878506,14587,0.397315,p1878506,k14587
1878506,19577,0.349827,p1878506,k19577
1878506,21154,0.32252,p1878506,k21154
1878506,30908,0.304205,p1878506,k30908
1878506,33146,0.330701,p1878506,k33146
1878506,33896,0.344792,p1878506,k33896
1888947,554,0.000206321,p1888947,k554
1888947,1558,0.000572067,p1888947,k1558
1888947,4478,0.000988918,p1888947,k4478
1888947,5088,0.0923934,p1888947,k5088
1888947,14666,0.00759985,p1888947,k14666
1888947,16531,0.0035788,p1888947,k16531
1888947,17519,0.182431,p1888947,k17519
1888947,18506,0.303436,p1888947,k18506
1888947,27024,0.000606012,p1888947,k27024
1893394,1888,0.43924,p1893394,k1888
1893394,5108,0.00720954,p1893394,k5108
1893394,13523,0.00319274,p1893394,k13523
1893394,21308,0.293933,p1893394,k21308
1893394,28319,0.266708,p1893394,k28319
1893394,33084,0.431936,p1893394,k33084
1893394,52847,0.00228147,p1893394,k52847
1893394,59347,0.248422,p1893394,k59347
1893394,74565,0.00636572,p1893394,k74565
1913337,388,0.20675,p1913337,k388
1913337,812,0.361863,p1913337,k812
1913337,2148,0.359719,p1913337,k2148
1913337,4047,0.403754,p1913337,k4047
1913337,5204,0.195004,p1913337,k5204
1913337,22689,0.218147,p1913337,k22689
1913337,23785,0.349088,p1913337,k23785
1913337,55277,0.321817,p1913337,k55277
1913337,57560,0.462513,p1913337,k57560
1915252,2599,0.439286,p1915252,k2599
1915252,4840,0.365225,p1915252,k4840
1915252,6825,0.397099,p1915252,k6825
1915252,7370,0.340533,p1915252,k7370
1915252,7564,0.301402,p1915252,k7564
1915252,10384,0.388596,p1915252,k10384
1915252,39569,0.28806,p1915252,k39569
1915252,49269,0.324965,p1915252,k49269
1915252,60544,0.322551,p1915252,k60544
1918559,573,0.24919,p1918559,k573
1918559,1902,0.266172,p1918559,k1902
1918559,4001,0.351727,p1918559,k4001
1918559,7254,0.198284,p1918559,k7254
1918559,8058,0.172581,p1918559,k8058
1918559,14665,0.190847,p1918559,k14665
1918559,21095,0.23433,p1918559,k21095
1918559,22433,0.332479,p1918559,k22433
1918559,46858,0.339431,p1918559,k46858
1926377,526,0.370385,p1926377,k526
1926377,2156,0.45551,p1926377,k2156
1926377,13173,0.329351,p1926377,k13173
1926377,13629,0.357643,p1926377,k13629
1926377,14199,0.369504,p1926377,k14199
1926377,16740,0.570048,p1926377,k16740
1926377,46562,0.353061,p1926377,k46562
1926377,46598,0.42481,p1926377,k46598
1926377,81794,0.486773,p1926377,k81794
1930656,3237,0.408971,p1930656,k3237
1930656,4754,0.466188,p1930656,k4754
1930656,7275,0.346801,p1930656,k7275
1930656,7768,0.182286,p1930656,k7768
1930656,11321,0.355145,p1930656,k11321
1930656,12295,0.236659,p1930656,k12295
1930656,30076,0.320411,p1930656,k30076
1930656,32768,0.305322,p1930656,k32768
1930656,80570,0.303428,p1930656,k80570
1936106,170,0.330399,p1936106,k170
1936106,963,0.00423576,p1936106,k963
1936106,7055,0.00354746,p1936106,k7055
1936106,9872,0.199201,p1936106,k9872
1936106,11617,0.00425134,p1936106,k11617
1936106,20304,0.00329032,p1936106,k20304
1936106,36721,0.00354579,p1936106,k36721
1936106,55993,0.300115,p1936106,k55993
1936106,76793,0.10908,p1936106,k76793
1938746,554,0.00219545,p1938746,k554
1938746,760,0.00746846,p1938746,k760
1938746,4191,0.0106112,p1938746,k4191
1938746,5944,0.414448,p1938746,k5944
1938746,17025,0.00452615,p1938746,k17025
1938746,21632,0.0029104,p1938746,k21632
1938746,49664,0.00186454,p1938746,k49664
1944672,0,0.0105434,p1944672,k0
1944672,532,0.334601,p1944672,k532
1944672,614,0.126182,p1944672,k614
1944672,3161,0.181371,p1944672,k3161
1944672,24728,0.344486,p1944672,k24728
1944672,30441,0.0034947,p1944672,k30441
1944672,40541,0.00550999,p1944672,k40541
1944672,46253,0.317926,p1944672,k46253
1944672,55624,0.0677033,p1944672,k55624
1950090,761,0.397368,p1950090,k761
1950090,805,0.433607,p1950090,k805
1950090,945,0.426768,p1950090,k945
1950090,5201,0.00941337,p1950090,k5201
1950090,7311,0.436993,p1950090,k7311
1950090,12418,0.469691,p1950090,k12418
1950090,13163,0.499127,p1950090,k13163
1950090,15383,0.264082,p1950090,k15383
1950090,74390,0.581037,p1950090,k74390
1950670,168,0.399291,p1950670,k168
1950670,1552,0.28146,p1950670,k1552
1950670,5998,0.493197,p1950670,k5998
1950670,12283,0.00555357,p1950670,k12283
1950670,14199,0.300673,p1950670,k14199
1950670,19265,0.198941,p1950670,k19265
1950670,20321,0.215821,p1950670,k20321
1950670,33876,0.192886,p1950670,k33876
1950670,39117,0.43816,p1950670,k39117
1961060,3971,0.341252,p1961060,k3971
1961060,7473,0.46972,p1961060,k7473
1961060,9214,0.00271497,p1961060,k9214
1961060,13506,0.285047,p1961060,k13506
1961060,14610,0.00539715,p1961060,k14610
1961060,28090,0.00661722,p1961060,k28090
1961060,29247,0.004016,p1961060,k29247
1961060,33250,0.251826,p1961060,k33250
1961060,64540,0.375609,p1961060,k64540
2008173,171,0.479386,p2008173,k171
2008173,406,0.502522,p2008173,k406
2008173,695,0.500724,p2008173,k695
2008173,1372,0.575995,p2008173,k1372
2008173,2570,0.273517,p2008173,k2570
2008173,7854,0.311838,p2008173,k7854
2008173,8335,0.415464,p2008173,k8335
2008173,14023,0.22135,p2008173,k14023
2008173,49300,0.386588,p2008173,k49300
2026351,122,0.00313424,p2026351,k122
2026351,299,0.213229,p2026351,k299
2026351,2682,0.596353,p2026351,k2682
2026351,4392,0.20891,p2026351,k4392
2026351,9288,0.0026834,p2026351,k9288
2026351,13322,0.488792,p2026351,k13322
2026351,16888,0.00327371,p2026351,k16888
2026351,21258,0.00291841,p2026351,k21258
2026351,62428,0.00480548,p2026351,k62428
2049211,28,0.366713,p2049211,k28
2049211,219,0.242814,p2049211,k219
2049211,253,0.00555006,p2049211,k253
2049211,509,0.297297,p2049211,k509
2049211,820,0.330551,p2049211,k820
2049211,1235,0.172533,p2049211,k1235
2049211,2799,0.452742,p2049211,k2799
2049211,2841,0.00305857,p2049211,k2841
2049211,12224,0.46077,p2049211,k12224
2053355,5201,0.00901582,p2053355,k5201
2053355,19160,0.00688403,p2053355,k19160
2053355,30685,0.00574256,p2053355,k30685
2053355,32458,0.469023,p2053355,k32458
2053355,35805,0.540854,p2053355,k35805
2053355,40192,0.00252463,p2053355,k40192
2053355,53620,0.424079,p2053355,k53620
2053355,55138,0.255283,p2053355,k55138
2053355,73883,0.00211132,p2053355,k73883
2092921,34,0.285621,p2092921,k34
2092921,176,0.00303835,p2092921,k176
2092921,793,0.351816,p2092921,k793
2092921,9161,0.258857,p2092921,k9161
2092921,11021,0.00573705,p2092921,k11021
2092921,18287,0.271876,p2092921,k18287
2092921,32728,0.232867,p2092921,k32728
2092921,57433,0.331885,p2092921,k57433
2092921,61942,0.111318,p2092921,k61942
2104954,372,0.000362791,p2104954,k372
2104954,1815,0.00076984,p2104954,k1815
2104954,1926,0.075097,p2104954,k1926
2104954,3476,-4.14385E-05,p2104954,k3476
2104954,5409,0.0869226,p2104954,k5409
2104954,6282,0.110599,p2104954,k6282
2104954,13346,0.00255581,p2104954,k13346
2104954,16394,0.0546406,p2104954,k16394
2104954,17852,0.350292,p2104954,k17852
2105184,17,0.382787,p2105184,k17
2105184,567,0.356351,p2105184,k567
2105184,4614,0.358412,p2105184,k4614
2105184,4938,0.395135,p2105184,k4938
2105184,5944,0.239457,p2105184,k5944
2105184,6863,0.281122,p2105184,k6863
2105184,10210,0.353764,p2105184,k10210
2105184,23369,0.31305,p2105184,k23369
2105184,30324,0.197725,p2105184,k30324
2107435,504,0.342913,p2107435,k504
2107435,760,0.00300445,p2107435,k760
2107435,1658,0.119213,p2107435,k1658
2107435,2601,0.318989,p2107435,k2601
2107435,3811,0.295141,p2107435,k3811
2107435,5055,0.0595442,p2107435,k5055
2107435,45511,0.105147,p2107435,k45511
2107435,63978,0.259107,p2107435,k63978
2107435,79860,0.221023,p2107435,k79860
2112696,2218,0.0027192,p2112696,k2218
2112696,2396,0.0018333,p2112696,k2396
2112696,2987,0.00325157,p2112696,k2987
2112696,5886,0.00336796,p2112696,k5886
2112696,6474,0.00448452,p2112696,k6474
2112696,8778,0.00207865,p2112696,k8778
2112696,11630,0.00442192,p2112696,k11630
2112696,31173,0.47356,p2112696,k31173
2112696,70540,0.00349461,p2112696,k70540
2134511,494,0.29663,p2134511,k494
2134511,3559,0.243742,p2134511,k3559
2134511,4895,0.110697,p2134511,k4895
2134511,6020,0.206384,p2134511,k6020
2134511,10108,0.00780629,p2134511,k10108
2134511,10474,0.0047282,p2134511,k10474
2134511,14202,0.15745,p2134511,k14202
2134511,60482,0.35716,p2134511,k60482
2134511,65005,0.00225567,p2134511,k65005
2137705,898,0.00136714,p2137705,k898
2137705,1668,0.362424,p2137705,k1668
2137705,2487,0.00269787,p2137705,k2487
2137705,2729,0.00542457,p2137705,k2729
2137705,4047,0.176491,p2137705,k4047
2137705,7219,0.00144823,p2137705,k7219
2137705,11395,0.00340419,p2137705,k11395
2137705,12156,0.395962,p2137705,k12156
2137705,53273,0.00254069,p2137705,k53273
2140723,452,0.485336,p2140723,k452
2140723,3836,0.354796,p2140723,k3836
2140723,3996,0.402055,p2140723,k3996
2140723,12032,0.379193,p2140723,k12032
2140723,12126,0.454639,p2140723,k12126
2140723,21360,0.350976,p2140723,k21360
2140723,33029,0.442206,p2140723,k33029
2140723,46388,0.379938,p2140723,k46388
2140723,66130,0.361556,p2140723,k66130
2145140,2,0.00238677,p2145140,k2
2145140,372,0.00503676,p2145140,k372
2145140,2841,0.00497922,p2145140,k2841
2145140,7100,0.0147493,p2145140,k7100
2145140,10983,0.00123914,p2145140,k10983
2145140,11754,0.00748377,p2145140,k11754
2145140,15863,0.0016094,p2145140,k15863
2145140,41764,0.596493,p2145140,k41764
2145140,53119,0.00704118,p2145140,k53119
2174875,914,0.534704,p2174875,k914
2174875,3454,0.372709,p2174875,k3454
2174875,4090,0.436317,p2174875,k4090
2174875,8003,0.309835,p2174875,k8003
2174875,15961,0.289042,p2174875,k15961
2174875,28582,0.441784,p2174875,k28582
2174875,41152,0.418984,p2174875,k41152
2174875,58914,0.328423,p2174875,k58914
2174875,73490,0.396237,p2174875,k73490
2177595,214,0.348974,p2177595,k214
2177595,1175,0.368464,p2177595,k1175
2177595,1811,0.359689,p2177595,k1811
2177595,2018,0.533765,p2177595,k2018
2177595,2531,0.291308,p2177595,k2531
2177595,4620,0.00560969,p2177595,k4620
2177595,9432,0.00863911,p2177595,k9432
2177595,10407,0.53489,p2177595,k10407
2177595,13999,0.00777963,p2177595,k13999
2180148,548,0.00255158,p2180148,k548
2180148,1630,0.00187955,p2180148,k1630
2180148,3093,0.00744072,p2180148,k3093
2180148,14534,0.0036636,p2180148,k14534
2180148,20515,0.00220862,p2180148,k20515
2180148,27181,0.321982,p2180148,k27181
2180148,29247,0.00484022,p2180148,k29247
2180148,46625,0.00258309,p2180148,k46625
2180148,61207,0.00311513,p2180148,k61207
2188409,4,0.380045,p2188409,k4
2188409,61,0.328084,p2188409,k61
2188409,308,0.225507,p2188409,k308
2188409,1489,0.136135,p2188409,k1489
2188409,6157,0.29875,p2188409,k6157
2188409,7591,0.375365,p2188409,k7591
2188409,18463,0.286195,p2188409,k18463
2188409,20059,0.265402,p2188409,k20059
2188409,25542,0.144729,p2188409,k25542
2203298,334,0.293569,p2203298,k334
2203298,468,0.36168,p2203298,k468
2203298,1112,0.463996,p2203298,k1112
2203298,4578,0.00481237,p2203298,k4578
2203298,4588,0.275839,p2203298,k4588
2203298,5128,0.0041646,p2203298,k5128
2203298,7565,0.00383332,p2203298,k7565
2203298,8213,0.422239,p2203298,k8213
2203298,44442,0.469984,p2203298,k44442
2204814,100,0.369259,p2204814,k100
2204814,1333,0.484474,p2204814,k1333
2204814,4712,0.476541,p2204814,k4712
2204814,5064,0.588375,p2204814,k5064
2204814,5187,0.437932,p2204814,k5187
2204814,6213,0.361809,p2204814,k6213
2204814,11139,0.432687,p2204814,k11139
2204814,35837,0.557068,p2204814,k35837
2204814,58726,0.421015,p2204814,k58726
2225560,147,0.284603,p2225560,k147
2225560,2855,0.461063,p2225560,k2855
2225560,3796,0.26898,p2225560,k3796
2225560,6567,0.455283,p2225560,k6567
2225560,6982,0.437711,p2225560,k6982
2225560,11026,0.308912,p2225560,k11026
2225560,15150,0.233453,p2225560,k15150
2225560,28939,0.00483278,p2225560,k28939
2225560,51190,0.284208,p2225560,k51190
2240029,45,0.154809,p2240029,k45
2240029,199,0.000959072,p2240029,k199
2240029,3252,0.000643233,p2240029,k3252
2240029,15988,0.185283,p2240029,k15988
2240029,22482,0.0286418,p2240029,k22482
2240029,23888,0.00109783,p2240029,k23888
2240029,40541,0.00293099,p2240029,k40541
2240029,47095,0.000505132,p2240029,k47095
2240029,74838,0.000879084,p2240029,k74838
2241161,735,0.00242871,p2241161,k735
2241161,829,0.00593752,p2241161,k829
2241161,1151,0.00894439,p2241161,k1151
2241161,2333,0.000567591,p2241161,k2333
2241161,3543,0.00389756,p2241161,k3543
2241161,6037,0.00158884,p2241161,k6037
2241161,9680,0.012368,p2241161,k9680
2241161,22858,0.00249598,p2241161,k22858
2241161,27432,0.00302777,p2241161,k27432
2242044,3355,0.00835908,p2242044,k3355
2242044,3477,0.212902,p2242044,k3477
2242044,5039,0.351907,p2242044,k5039
2242044,14774,0.236766,p2242044,k14774
2242044,18458,0.288483,p2242044,k18458
2242044,21400,0.30617,p2242044,k21400
2242044,48202,0.328758,p2242044,k48202
2242044,57842,0.346674,p2242044,k57842
2242044,62946,0.271416,p2242044,k62946
2276267,701,0.350918,p2276267,k701
2276267,2091,0.322764,p2276267,k2091
2276267,2988,0.325054,p2276267,k2988
2276267,7674,0.31846,p2276267,k7674
2276267,9710,0.400677,p2276267,k9710
2276267,11102,0.297119,p2276267,k11102
2276267,18566,0.284877,p2276267,k18566
2276267,52559,0.27943,p2276267,k52559
2276267,61612,0.507749,p2276267,k61612
2280944,1293,0.0051188,p2280944,k1293
2280944,1807,0.00235402,p2280944,k1807
2280944,2218,0.00402802,p2280944,k2218
2280944,2540,0.410705,p2280944,k2540
2280944,10271,0.600385,p2280944,k10271
2280944,52291,0.430101,p2280944,k52291
2280944,56413,0.000649856,p2280944,k56413
2283060,7,0.00191383,p2283060,k7
2283060,325,0.162749,p2283060,k325
2283060,898,0.000854769,p2283060,k898
2283060,1141,0.363388,p2283060,k1141
2283060,4343,0.0104951,p2283060,k4343
2283060,9861,0.00106753,p2283060,k9861
2283060,11617,0.00294057,p2283060,k11617
2283060,22843,0.539158,p2283060,k22843
2283060,30685,0.0010393,p2283060,k30685
2290496,1254,0.246127,p2290496,k1254
2290496,1735,0.16748,p2290496,k1735
2290496,2366,0.205047,p2290496,k2366
2290496,6957,0.0973435,p2290496,k6957
2290496,14199,0.0936159,p2290496,k14199
2290496,26673,0.170776,p2290496,k26673
2290496,37001,0.233744,p2290496,k37001
2290496,53738,0.083869,p2290496,k53738
2290496,80265,0.148268,p2290496,k80265
2293406,23,0.279049,p2293406,k23
2293406,1726,0.41191,p2293406,k1726
2293406,4286,0.476369,p2293406,k4286
2293406,6160,0.435161,p2293406,k6160
2293406,6378,0.502654,p2293406,k6378
2293406,6480,0.363741,p2293406,k6480
2293406,24952,0.355294,p2293406,k24952
2293406,54304,0.326128,p2293406,k54304
2293406,62248,0.27106,p2293406,k62248
2294255,20,0.605444,p2294255,k20
2294255,2135,0.178371,p2294255,k2135
2294255,5204,0.524186,p2294255,k5204
2294255,6605,0.00415056,p2294255,k6605
2294255,9288,0.00571488,p2294255,k9288
2294255,9740,0.00153569,p2294255,k9740
2294255,21344,0.00125582,p2294255,k21344
2294255,23488,0.00363097,p2294255,k23488
2294255,42435,0.00372157,p2294255,k42435
2303347,2134,0.000437836,p2303347,k2134
2303347,3102,0.0730204,p2303347,k3102
2303347,6125,0.000824792,p2303347,k6125
2303347,7238,-0.000311782,p2303347,k7238
2303347,7725,-0.00047765,p2303347,k7725
2303347,9247,0.0907724,p2303347,k9247
2303347,16877,-0.000611823,p2303347,k16877
2303347,33123,0.302019,p2303347,k33123
2303347,68992,0.00534319,p2303347,k68992
2308663,211,0.473815,p2308663,k211
2308663,302,0.00197465,p2308663,k302
2308663,2393,0.00361329,p2308663,k2393
2308663,6493,0.3961,p2308663,k6493
2308663,17165,0.00261254,p2308663,k17165
2308663,26728,0.00604934,p2308663,k26728
2308663,38278,0.00367205,p2308663,k38278
2308663,52643,0.00487219,p2308663,k52643
2308663,52715,0.00209995,p2308663,k52715
2331017,340,0.00857757,p2331017,k340
2331017,519,0.0101219,p2331017,k519
2331017,577,0.428165,p2331017,k577
2331017,4754,0.525078,p2331017,k4754
2331017,12355,0.0029352,p2331017,k12355
2331017,15416,0.00539814,p2331017,k15416
2331017,30376,0.284209,p2331017,k30376
2331017,38568,0.00836722,p2331017,k38568
2331017,65823,0.507864,p2331017,k65823
2337330,46,0.617646,p2337330,k46
2337330,383,0.452454,p2337330,k383
2337330,1535,0.00753983,p2337330,k1535
2337330,1561,0.374259,p2337330,k1561
2337330,6260,0.629806,p2337330,k6260
2337330,6675,0.383507,p2337330,k6675
2337330,6770,0.587489,p2337330,k6770
2337330,18296,0.370097,p2337330,k18296
2337330,28338,0.161911,p2337330,k28338
2339302,113,0.277942,p2339302,k113
2339302,5973,0.221034,p2339302,k5973
2339302,16938,0.227796,p2339302,k16938
2339302,17994,0.245927,p2339302,k17994
2339302,24450,0.163779,p2339302,k24450
2339302,40500,0.154514,p2339302,k40500
2339302,44054,0.282105,p2339302,k44054
2339302,44781,0.121152,p2339302,k44781
2339302,72320,0.240609,p2339302,k72320
2351918,793,0.437091,p2351918,k793
2351918,2134,0.000820818,p2351918,k2134
2351918,2160,-3.68985E-05,p2351918,k2160
2351918,2211,4.62183E-05,p2351918,k2211
2351918,11126,-0.000232795,p2351918,k11126
2351918,11675,0.489855,p2351918,k11675
2351918,13921,0.000150455,p2351918,k13921
2351918,17041,7.93869E-05,p2351918,k17041
2351918,42435,0.00047248,p2351918,k42435
2352100,518,0.333278,p2352100,k518
2352100,1311,0.499049,p2352100,k1311
2352100,2578,0.544652,p2352100,k2578
2352100,14555,0.298318,p2352100,k14555
2352100,33316,0.262066,p2352100,k33316
2352100,43565,0.257202,p2352100,k43565
2352100,49691,0.432597,p2352100,k49691
2352100,50754,0.383011,p2352100,k50754
2352100,61299,0.423469,p2352100,k61299
2362254,522,0.00522023,p2362254,k522
2362254,2035,0.346634,p2362254,k2035
2362254,3923,0.307554,p2362254,k3923
2362254,4169,0.00634688,p2362254,k4169
2362254,14116,0.331658,p2362254,k14116
2362254,23629,0.368501,p2362254,k23629
2362254,39438,0.00882169,p2362254,k39438
2362254,42277,0.320123,p2362254,k42277
2362254,60722,0.27143,p2362254,k60722
2385924,214,0.409814,p2385924,k214
2385924,1565,0.40783,p2385924,k1565
2385924,1932,0.543778,p2385924,k1932
2385924,5052,0.418142,p2385924,k5052
2385924,7502,0.529211,p2385924,k7502
2385924,7637,0.573912,p2385924,k7637
2385924,9479,0.49891,p2385924,k9479
2385924,21419,0.43855,p2385924,k21419
2385924,25126,0.43892,p2385924,k25126
2394243,682,0.631091,p2394243,k682
2394243,1947,0.401042,p2394243,k1947
2394243,2335,0.432154,p2394243,k2335
2394243,3654,0.598714,p2394243,k3654
2394243,4910,0.542558,p2394243,k4910
2394243,5396,0.481044,p2394243,k5396
2394243,21360,0.435974,p2394243,k21360
2394243,23625,0.452547,p2394243,k23625
2394243,78512,0.470991,p2394243,k78512
2398136,573,0.381261,p2398136,k573
2398136,1148,0.428579,p2398136,k1148
2398136,3037,0.421436,p2398136,k3037
2398136,3348,0.401354,p2398136,k3348
2398136,4599,0.430614,p2398136,k4599
2398136,9954,0.434512,p2398136,k9954
2398136,13972,0.419961,p2398136,k13972
2398136,17105,0.368689,p2398136,k17105
2398136,33044,0.375741,p2398136,k33044
2405783,122,0.00536032,p2405783,k122
2405783,276,0.00929281,p2405783,k276
2405783,340,0.0075959,p2405783,k340
2405783,478,0.52797,p2405783,k478
2405783,762,0.00920981,p2405783,k762
2405783,5319,0.00453443,p2405783,k5319
2405783,7866,0.30366,p2405783,k7866
2405783,13999,0.00749898,p2405783,k13999
2405783,49868,0.00600374,p2405783,k49868
2410648,1983,0.00211431,p2410648,k1983
2410648,4590,0.00147474,p2410648,k4590
2410648,6453,0.00391435,p2410648,k6453
2410648,10101,0.00129417,p2410648,k10101
2410648,20304,0.00381228,p2410648,k20304
2410648,28082,0.00358575,p2410648,k28082
2410648,30919,0.00135486,p2410648,k30919
2410648,32323,0.00197159,p2410648,k32323
2410648,34956,0.00874955,p2410648,k34956
2416166,406,0.260059,p2416166,k406
2416166,3271,0.233044,p2416166,k3271
2416166,11347,0.407858,p2416166,k11347
2416166,17465,0.390894,p2416166,k17465
2416166,28973,0.273248,p2416166,k28973
2416166,30906,0.366751,p2416166,k30906
2416166,43214,0.336285,p2416166,k43214
2416166,57049,0.271576,p2416166,k57049
2416166,79018,0.404653,p2416166,k79018
2428298,406,0.353829,p2428298,k406
2428298,6090,0.450862,p2428298,k6090
2428298,9792,0.270207,p2428298,k9792
2428298,11904,0.403439,p2428298,k11904
2428298,17629,0.529423,p2428298,k17629
2428298,42476,0.290478,p2428298,k42476
2428298,47032,0.302958,p2428298,k47032
2428298,55460,0.262909,p2428298,k55460
2428298,61396,0.51964,p2428298,k61396
2463690,420,0.326303,p2463690,k420
2463690,1077,0.124918,p2463690,k1077
2463690,3511,0.252246,p2463690,k3511
2463690,10592,0.256658,p2463690,k10592
2463690,15988,0.385145,p2463690,k15988
2463690,26429,0.369163,p2463690,k26429
2463690,29081,0.327766,p2463690,k29081
2463690,33665,0.294843,p2463690,k33665
2463690,40829,0.368928,p2463690,k40829
2467813,188,0.601168,p2467813,k188
2467813,1461,0.377355,p2467813,k1461
2467813,1591,0.344787,p2467813,k1591
2467813,12805,0.490563,p2467813,k12805
2467813,18877,0.258198,p2467813,k18877
2467813,21517,0.284849,p2467813,k21517
2467813,31878,0.380416,p2467813,k31878
2467813,33063,0.363975,p2467813,k33063
2467813,39768,0.534212,p2467813,k39768
2480727,214,0.319354,p2480727,k214
2480727,588,0.549282,p2480727,k588
2480727,5513,0.480705,p2480727,k5513
2480727,5761,0.473105,p2480727,k5761
2480727,7041,0.306517,p2480727,k7041
2480727,23644,0.00620279,p2480727,k23644
2480727,38253,0.435318,p2480727,k38253
2480727,50292,0.337493,p2480727,k50292
2480727,76793,0.171277,p2480727,k76793
2502283,2116,0.143241,p2502283,k2116
2502283,3334,0.411114,p2502283,k3334
2502283,3887,0.364417,p2502283,k3887
2502283,4727,0.00664847,p2502283,k4727
2502283,5204,0.208546,p2502283,k5204
2502283,5987,0.0550287,p2502283,k5987
2502283,14202,0.13254,p2502283,k14202
2502283,33787,0.281626,p2502283,k33787
2502283,60237,0.00203019,p2502283,k60237
2540670,147,0.184103,p2540670,k147
2540670,395,0.352787,p2540670,k395
2540670,1036,0.310413,p2540670,k1036
2540670,2318,0.341585,p2540670,k2318
2540670,6567,0.358104,p2540670,k6567
2540670,9381,0.00442852,p2540670,k9381
2540670,14199,0.203387,p2540670,k14199
2540670,25084,0.0402079,p2540670,k25084
2540670,56076,0.345827,p2540670,k56076
2559367,1807,0.00159503,p2559367,k1807
2559367,3192,0.00340799,p2559367,k3192
2559367,14122,0.187671,p2559367,k14122
2559367,17709,0.00368671,p2559367,k17709
2559367,25375,0.00105723,p2559367,k25375
2559367,30685,0.00268497,p2559367,k30685
2559367,42783,0.353897,p2559367,k42783
2559367,52237,0.312352,p2559367,k52237
2559367,71279,0.27227,p2559367,k71279
2583478,137,0.115492,p2583478,k137
2583478,249,0.352897,p2583478,k249
2583478,1591,0.215172,p2583478,k1591
2583478,2318,0.457813,p2583478,k2318
2583478,5044,0.00964617,p2583478,k5044
2583478,11381,0.274459,p2583478,k11381
2583478,31153,0.348894,p2583478,k31153
2583478,38160,0.266156,p2583478,k38160
2583478,43547,0.554067,p2583478,k43547
2584044,212,0.29518,p2584044,k212
2584044,2495,0.322188,p2584044,k2495
2584044,2706,0.230584,p2584044,k2706
2584044,4309,0.360969,p2584044,k4309
2584044,5967,0.356016,p2584044,k5967
2584044,9947,0.380067,p2584044,k9947
2584044,12152,0.328725,p2584044,k12152
2584044,21235,0.330668,p2584044,k21235
2584044,33154,0.332416,p2584044,k33154
2589729,945,0.414479,p2589729,k945
2589729,1198,0.0108283,p2589729,k1198
2589729,1600,0.421421,p2589729,k1600
2589729,2603,0.378321,p2589729,k2603
2589729,15141,0.434577,p2589729,k15141
2589729,18047,0.223775,p2589729,k18047
2589729,22217,0.292139,p2589729,k22217
2589729,53779,0.190191,p2589729,k53779
2589729,55064,0.350985,p2589729,k55064
2592322,108,0.00367253,p2592322,k108
2592322,302,0.00185368,p2592322,k302
2592322,2309,0.00590798,p2592322,k2309
2592322,3248,0.00559531,p2592322,k3248
2592322,4369,0.33724,p2592322,k4369
2592322,4517,0.382993,p2592322,k4517
2592322,4590,0.00192647,p2592322,k4590
2592322,8555,0.464506,p2592322,k8555
2592322,38344,0.465308,p2592322,k38344
2621357,2192,0.000533079,p2621357,k2192
2621357,2522,0.00866364,p2621357,k2522
2621357,7219,0.0013473,p2621357,k7219
2621357,7598,0.540346,p2621357,k7598
2621357,10145,0.00577313,p2621357,k10145
2621357,10833,0.00044678,p2621357,k10833
2621357,26522,0.00548025,p2621357,k26522
2621357,43748,0.00439087,p2621357,k43748
2650906,701,0.370582,p2650906,k701
2650906,1281,0.218786,p2650906,k1281
2650906,6706,0.236637,p2650906,k6706
2650906,10841,0.30059,p2650906,k10841
2650906,18168,0.546238,p2650906,k18168
2650906,21517,0.354595,p2650906,k21517
2650906,26828,0.386028,p2650906,k26828
2650906,27508,0.670988,p2650906,k27508
2650906,71280,0.304322,p2650906,k71280
2661717,765,0.00263297,p2661717,k765
2661717,6448,0.00630664,p2661717,k6448
2661717,11076,0.00781841,p2661717,k11076
2661717,18316,0.304726,p2661717,k18316
2661717,24948,0.327383,p2661717,k24948
2661717,30376,0.173869,p2661717,k30376
2661717,62879,0.438927,p2661717,k62879
2661717,66652,0.213302,p2661717,k66652
2661717,67058,0.160694,p2661717,k67058
2666015,877,0.541916,p2666015,k877
2666015,954,0.00294202,p2666015,k954
2666015,1481,0.397457,p2666015,k1481
2666015,1576,0.319445,p2666015,k1576
2666015,6864,0.00149271,p2666015,k6864
2666015,16906,0.481019,p2666015,k16906
2666015,20515,0.00208698,p2666015,k20515
2666015,35425,0.00186988,p2666015,k35425
2666015,71697,0.0050091,p2666015,k71697
2696813,572,0.335205,p2696813,k572
2696813,1535,0.00800285,p2696813,k1535
2696813,5694,0.261451,p2696813,k5694
2696813,9288,0.00437311,p2696813,k9288
2696813,33154,0.273159,p2696813,k33154
2696813,33255,0.316504,p2696813,k33255
2696813,45572,0.466547,p2696813,k45572
2696813,64559,0.245108,p2696813,k64559
2696813,76387,0.00662679,p2696813,k76387
2700343,702,0.438295,p2700343,k702
2700343,946,0.386909,p2700343,k946
2700343,2607,0.404646,p2700343,k2607
2700343,4047,0.163083,p2700343,k4047
2700343,4504,0.328709,p2700343,k4504
2700343,24274,0.108366,p2700343,k24274
2700343,26211,0.509755,p2700343,k26211
2700343,29037,0.452884,p2700343,k29037
2700343,41842,0.347971,p2700343,k41842
2716510,2767,0.236286,p2716510,k2767
2716510,2792,0.00326815,p2716510,k2792
2716510,7872,0.161561,p2716510,k7872
2716510,8435,0.00358843,p2716510,k8435
2716510,18845,0.00638117,p2716510,k18845
